site,hydro_year,days_in_hydro_year,first_day_in_hydro_year,last_day_in_hydro_year,snow_days,max_snow_period,n_snow_period,first_snow_date,last_snow_date,last_snow_doy,T1_ft,T2_ft,T3_ft,deep_snow_days_T2,max_deep_snow_period_T2,n_deep_snow_period_T2,first_deep_snow_date_T2,last_deep_snow_date_T2,last_deep_snow_doy_T2,deep_snow_days_T3,max_deep_snow_period_T3,n_deep_snow_period_T3,first_deep_snow_date_T3,last_deep_snow_date_T3,last_deep_snow_doy_T3
AIL101,2020,366,1,366,214,200,2,2019-10-24,2020-05-30,151,6,98,124,153,153,1,2019-12-30,2020-05-30,151,132,118,2,2020-01-12,2020-05-27,148
AIL101,2021,354,1,355,215,215,1,2020-10-17,2021-05-19,139,10,120,160,163,151,2,2020-11-05,2021-05-19,139,117,45,4,2020-12-29,2021-05-17,137
AIL102,2020,366,1,366,217,199,2,2019-10-21,2020-05-29,150,4,96,192,170,170,1,2019-12-12,2020-05-29,150,138,138,1,2020-01-08,2020-05-24,145
AIL102,2021,354,1,355,217,217,1,2020-10-15,2021-05-19,139,8,114,164,125,113,2,2020-11-05,2021-05-19,139,57,31,2,2021-03-13,2021-05-17,137
AIL103,2020,366,1,366,228,228,1,2019-10-21,2020-06-04,156,6,92,110,176,176,1,2019-12-12,2020-06-04,156,160,160,1,2019-12-30,2020-06-06,158
AIL103,2021,354,1,355,224,224,1,2020-10-17,2021-05-28,148,70,76,96,202,189,2,2020-11-05,2021-05-28,148,132,132,1,2021-01-18,2021-05-29,149
AIL104,2020,366,1,366,225,225,1,2019-10-21,2020-06-01,153,10,112,191,173,173,1,2019-12-12,2020-06-01,153,140,140,1,2020-01-08,2020-05-26,147
AIL104,2021,354,1,355,219,219,1,2020-10-15,2021-05-21,141,14,110,243,130,92,4,2020-11-05,2021-05-21,141,47,32,2,2021-03-24,2021-05-17,137
AIL105,2020,347,1,348,249,249,1,2019-09-30,2020-06-04,156,6,70,136,189,189,1,2019-11-29,2020-06-04,156,148,130,2,2020-01-08,2020-06-04,156
AIL106,2020,366,1,366,223,223,1,2019-10-17,2020-05-26,147,4,108,128,149,149,1,2019-12-30,2020-05-26,147,71,13,7,2020-01-11,2020-05-17,138
AIL106,2021,354,1,355,222,189,2,2020-10-15,2021-05-25,145,8,171,156,133,99,3,2020-12-30,2021-05-25,145,71,47,2,2021-02-28,2021-05-10,130
AIL107,2020,366,1,366,250,250,1,2019-09-30,2020-06-05,157,6,68,158,149,137,2,2019-12-13,2020-06-05,157,123,123,1,2020-02-03,2020-06-04,156
AIL107,2021,354,1,355,215,215,1,2020-10-15,2021-05-17,137,18,118,140,34,13,3,2020-10-24,2021-04-07,97,9,9,1,2021-03-28,2021-04-05,95
AIL108,2020,360,1,361,228,171,2,2019-10-08,2020-05-30,151,4,82,100,33,12,3,2020-02-26,2020-05-02,123,0,0,0,NA,NA,0
AIL109,2020,366,1,366,230,230,1,2019-10-08,2020-05-24,145,10,104,210,102,35,4,2020-01-25,2020-05-21,142,0,0,0,NA,NA,0
AIL109,2021,354,1,355,213,194,2,2020-10-15,2021-05-16,136,18,116,258,11,11,1,2020-11-05,2020-11-15,320,0,0,0,NA,NA,0
AIL110,2020,366,1,366,238,238,1,2019-09-30,2020-05-24,145,4,126,164,194,101,5,2019-10-01,2020-05-24,145,38,15,3,2019-12-15,2020-04-16,107
AIL110,2021,354,1,355,215,215,1,2020-10-15,2021-05-17,137,56,178,232,101,66,3,2020-12-14,2021-05-17,137,11,11,1,2021-03-28,2021-04-07,97
AIL111,2020,366,1,366,239,239,1,2019-10-08,2020-06-02,154,8,64,122,214,203,2,2019-10-27,2020-06-02,154,158,158,1,2019-12-30,2020-06-04,156
AIL111,2021,354,1,355,222,222,1,2020-10-16,2021-05-25,145,16,34,160,215,215,1,2020-10-23,2021-05-25,145,162,150,2,2020-11-06,2021-05-22,142
AIL112,2020,366,1,366,217,217,1,2019-10-20,2020-05-23,144,14,76,146,164,164,1,2019-12-12,2020-05-23,144,121,111,2,2020-01-11,2020-05-18,139
AIL112,2021,354,1,355,175,151,3,2020-10-21,2021-04-18,108,30,142,214,59,20,3,2021-01-25,2021-04-16,106,0,0,0,NA,NA,0
AIL113,2020,366,1,366,234,234,1,2019-10-08,2020-05-28,149,18,72,166,169,169,1,2019-12-12,2020-05-28,149,147,147,1,2019-12-30,2020-05-24,145
AIL113,2021,354,1,355,215,215,1,2020-10-15,2021-05-17,137,14,104,160,106,94,2,2020-11-05,2021-05-17,137,38,23,2,2021-02-26,2021-04-07,97
AIL114,2020,366,1,366,227,227,1,2019-10-21,2020-06-03,155,4,454,163,185,185,1,2019-12-02,2020-06-03,155,174,174,1,2019-12-12,2020-06-02,154
AIL114,2021,354,1,355,228,228,1,2020-10-17,2021-06-01,152,68,108,135,209,209,1,2020-11-05,2021-06-01,152,144,124,3,2020-11-07,2021-05-30,150
AIL115,2020,366,1,366,246,246,1,2019-09-30,2020-06-01,153,2,72,158,201,201,1,2019-11-14,2020-06-01,153,167,154,2,2019-12-13,2020-05-31,152
AIL115,2021,354,1,355,231,231,1,2020-10-15,2021-06-02,153,24,78,82,210,156,2,2020-10-23,2021-06-02,153,166,154,2,2020-11-06,2021-06-01,152
AIL116,2020,366,1,366,232,232,1,2019-10-21,2020-06-08,160,10,117,189,222,208,2,2019-10-25,2020-06-08,160,178,178,1,2019-12-13,2020-06-07,159
AIL116,2021,354,1,355,231,231,1,2020-10-15,2021-06-02,153,56,119,135,221,195,2,2020-10-22,2021-06-02,153,165,121,4,2020-11-06,2021-06-01,152
AIL117,2020,366,1,366,227,227,1,2019-10-08,2020-05-21,142,4,170,256,11,11,1,2020-01-27,2020-02-06,37,0,0,0,NA,NA,0
AIL117,2021,354,1,355,202,112,3,2020-10-15,2021-05-09,129,20,156,298,0,0,0,NA,NA,0,0,0,0,NA,NA,0
AIL118,2020,366,1,366,197,162,3,2019-10-26,2020-05-19,140,12,194,202,0,0,0,NA,NA,0,0,0,0,NA,NA,0
AIL118,2021,354,1,355,174,84,3,2020-10-21,2021-04-16,106,12,212,254,9,9,1,2020-12-26,2021-01-03,3,0,0,0,NA,NA,0
AIL119,2020,366,1,366,44,12,4,2019-10-27,2020-02-06,37,8,246,282,0,0,0,NA,NA,0,0,0,0,NA,NA,0
AIL119,2021,354,1,355,154,96,4,2020-10-17,2021-04-06,96,20,190,290,0,0,0,NA,NA,0,0,0,0,NA,NA,0
AIL120,2020,366,1,366,241,241,1,2019-09-30,2020-05-27,148,10,74,164,180,168,2,2019-11-14,2020-05-27,148,46,14,4,2020-03-12,2020-05-17,138
AIL120,2021,354,1,355,218,218,1,2020-10-14,2021-05-19,139,20,104,184,209,209,1,2020-10-23,2021-05-19,139,48,16,4,2020-12-11,2021-05-15,135
AIL121,2020,366,1,366,239,239,1,2019-10-08,2020-06-02,154,8,50,106,157,157,1,2019-12-29,2020-06-02,154,140,121,2,2020-01-08,2020-06-01,153
AIL121,2021,359,1,360,224,224,1,2020-10-18,2021-05-29,149,2,36,124,165,153,2,2020-11-04,2021-05-29,149,82,82,1,2021-03-05,2021-05-25,145
AIL122,2020,366,1,366,245,245,1,2019-10-08,2020-06-08,160,42,84,112,220,208,2,2019-10-27,2020-06-08,160,192,177,2,2019-11-15,2020-06-07,159
AIL122,2021,359,1,360,231,231,1,2020-10-15,2021-06-02,153,70,80,120,219,178,3,2020-10-24,2021-06-02,153,170,170,1,2020-12-14,2021-06-01,152
AIL123,2020,366,1,366,226,226,1,2019-10-21,2020-06-02,154,2,124,178,173,173,1,2019-12-13,2020-06-02,154,147,96,2,2019-12-30,2020-05-31,152
AIL123,2021,354,1,355,228,228,1,2020-10-17,2021-06-01,152,4,98,148,183,130,3,2020-11-05,2021-06-01,152,114,92,3,2020-11-07,2021-05-30,150
AIL124,2020,366,1,366,239,239,1,2019-10-05,2020-05-30,151,4,130,182,171,171,1,2019-12-12,2020-05-30,151,158,144,2,2019-12-13,2020-05-26,147
AIL124,2021,354,1,355,216,216,1,2020-10-15,2021-05-18,138,12,94,162,188,106,4,2020-10-23,2021-05-18,138,64,54,2,2021-03-05,2021-05-16,136
AIL125,2020,366,1,366,238,238,1,2019-10-08,2020-06-01,153,10,86,168,169,155,2,2019-12-12,2020-06-01,153,121,121,1,2020-01-30,2020-05-29,150
AIL125,2021,354,1,355,215,215,1,2020-10-15,2021-05-17,137,38,102,152,176,117,3,2020-11-05,2021-05-17,137,52,41,2,2021-02-05,2021-04-15,105
AIL126,2020,366,1,366,243,243,1,2019-09-30,2020-05-29,150,24,92,132,162,153,2,2019-10-01,2020-05-29,150,126,98,3,2020-01-07,2020-05-25,146
AIL126,2021,354,1,355,218,218,1,2020-10-15,2021-05-20,140,8,78,138,121,83,4,2020-11-01,2021-05-19,139,74,74,1,2021-03-05,2021-05-17,137
AIL127,2020,366,1,366,245,245,1,2019-09-30,2020-05-31,152,4,72,138,212,118,4,2019-10-04,2020-05-31,152,156,62,6,2019-10-26,2020-05-30,151
AIL127,2021,354,1,355,227,227,1,2020-10-14,2021-05-28,148,32,94,132,217,127,2,2020-10-23,2021-05-28,148,156,63,5,2020-10-24,2021-05-11,131
AIL128,2020,366,1,366,232,167,3,2019-09-29,2020-05-20,141,8,128,204,0,0,0,NA,NA,0,0,0,0,NA,NA,0
AIL128,2021,354,1,355,215,215,1,2020-10-14,2021-05-16,136,20,132,174,0,0,0,NA,NA,0,0,0,0,NA,NA,0
AIL129,2020,366,1,366,245,245,1,2019-09-29,2020-05-30,151,8,90,92,135,59,3,2019-12-12,2020-05-20,141,0,0,0,NA,NA,0
AIL129,2021,354,1,355,226,226,1,2020-10-14,2021-05-27,147,10,126,100,133,50,6,2020-11-06,2021-05-27,147,34,23,2,2021-03-28,2021-05-08,128
AIL130,2020,366,1,366,242,232,2,2019-10-05,2020-06-06,158,8,124,144,142,142,1,2020-01-17,2020-06-06,158,117,117,1,2020-02-09,2020-06-04,156
AIL130,2021,354,1,355,230,131,2,2020-10-14,2021-06-01,152,6,78,104,132,117,2,2020-12-21,2021-06-01,152,93,93,1,2021-02-26,2021-05-29,149
AIL131,2020,366,1,366,235,235,1,2019-10-08,2020-05-29,150,4,94,118,170,170,1,2019-12-12,2020-05-29,150,124,59,3,2020-01-10,2020-05-26,147
AIL131,2021,359,1,360,222,222,1,2020-10-15,2021-05-24,144,4,90,144,186,147,3,2020-10-23,2021-05-24,144,56,56,1,2021-03-24,2021-05-18,138
AIL132,2020,366,1,366,242,242,1,2019-10-08,2020-06-05,157,10,62,144,188,177,2,2019-10-27,2020-06-05,157,151,151,1,2020-01-07,2020-06-05,157
AIL132,2021,359,1,360,225,225,1,2020-10-15,2021-05-27,147,34,40,162,173,82,4,2020-11-02,2021-05-27,147,72,36,3,2020-12-29,2021-05-22,142
AIL133,2020,366,1,366,239,239,1,2019-10-05,2020-05-30,151,4,36,110,233,171,3,2019-10-05,2020-05-30,151,192,170,3,2019-10-01,2020-05-30,151
AIL133,2021,359,1,360,223,223,1,2020-10-15,2021-05-25,145,18,24,120,221,123,2,2020-10-15,2021-05-25,145,68,34,3,2021-02-02,2021-05-20,140
AIL134,2020,366,1,366,249,249,1,2019-09-30,2020-06-04,156,14,110,129,175,175,1,2019-12-13,2020-06-04,156,139,111,2,2020-01-11,2020-06-03,155
AIL134,2021,359,1,360,231,231,1,2020-10-15,2021-06-02,153,8,72,161,189,129,2,2020-11-22,2021-06-02,153,62,62,1,2021-03-21,2021-05-21,141
AIL135,2020,366,1,366,261,235,2,2019-09-30,2020-06-17,169,10,86,106,199,199,1,2019-12-02,2020-06-17,169,198,198,1,2019-12-03,2020-06-17,169
AIL135,2021,359,1,360,237,237,1,2020-10-15,2021-06-08,159,40,78,126,230,230,1,2020-10-22,2021-06-08,159,234,234,1,2020-10-18,2021-06-08,159
AIL136,2020,366,1,366,254,254,1,2019-09-29,2020-06-08,160,6,88,119,179,179,1,2019-12-13,2020-06-08,160,160,160,1,2019-12-30,2020-06-06,158
AIL136,2021,354,1,355,237,237,1,2020-10-14,2021-06-07,158,2,50,102,217,136,2,2020-11-01,2021-06-07,158,139,126,2,2020-11-05,2021-06-05,156
AIL137,2020,366,1,366,246,246,1,2019-09-30,2020-06-01,153,14,112,206,185,155,3,2019-10-01,2020-06-01,153,137,61,5,2019-12-13,2020-05-29,150
AIL137,2021,354,1,355,231,231,1,2020-10-14,2021-06-01,152,36,196,139,169,96,4,2020-11-02,2021-06-01,152,67,67,1,2021-03-21,2021-05-26,146
AIL138,2020,366,1,366,259,259,1,2019-09-29,2020-06-13,165,28,106,138,184,184,1,2019-12-13,2020-06-13,165,183,183,1,2019-12-14,2020-06-13,165
AIL138,2021,354,1,355,241,241,1,2020-10-13,2021-06-10,161,10,72,96,221,221,1,2020-11-02,2021-06-10,161,194,182,2,2020-11-22,2021-06-09,160
AIL139,2020,366,1,366,244,199,4,2019-09-29,2020-06-14,166,16,114,124,185,185,1,2019-12-13,2020-06-14,166,165,165,1,2020-01-01,2020-06-13,165
AIL139,2021,354,1,355,236,236,1,2020-10-18,2021-06-10,161,6,58,98,218,218,1,2020-11-05,2021-06-10,161,112,103,2,2020-12-29,2021-06-09,160
AIL140,2020,366,1,366,257,257,1,2019-09-29,2020-06-11,163,14,106,118,183,183,1,2019-12-12,2020-06-11,163,175,162,2,2019-12-13,2020-06-08,160
AIL140,2021,350,1,351,237,237,1,2020-10-14,2021-06-07,158,8,82,96,211,137,4,2020-11-02,2021-06-07,158,99,99,1,2021-02-27,2021-06-05,156
AIL141,2020,366,1,366,242,242,1,2019-10-08,2020-06-05,157,4,80,177,177,177,1,2019-12-12,2020-06-05,157,149,149,1,2020-01-08,2020-06-04,156
AIL141,2021,359,1,360,226,226,1,2020-10-15,2021-05-28,148,14,42,169,216,205,2,2020-10-22,2021-05-28,148,111,111,1,2021-02-05,2021-05-26,146
AIL142,2020,366,1,366,254,254,1,2019-10-08,2020-06-17,169,6,64,149,225,213,2,2019-10-27,2020-06-17,169,183,183,1,2019-12-17,2020-06-16,168
AIL142,2021,359,1,360,240,240,1,2020-10-15,2021-06-11,162,56,50,151,207,175,4,2020-10-22,2021-06-11,162,154,154,1,2021-01-08,2021-06-10,161
AIL143,2020,366,1,366,241,200,2,2019-09-30,2020-05-29,150,10,135,173,121,107,2,2020-01-27,2020-05-29,150,58,26,4,2020-02-26,2020-05-17,138
AIL143,2021,359,1,360,208,136,2,2020-10-15,2021-05-12,132,16,153,239,12,12,1,2020-11-05,2020-11-16,321,0,0,0,NA,NA,0
AIL144,2020,366,1,366,246,246,1,2019-09-30,2020-06-01,153,6,115,162,199,178,2,2019-11-14,2020-06-01,153,148,136,2,2019-12-23,2020-05-31,152
AIL144,2021,359,1,360,224,224,1,2020-10-15,2021-05-26,146,2,147,170,128,116,2,2021-01-08,2021-05-26,146,70,24,4,2021-02-01,2021-05-11,131
AIL145,2020,366,1,366,262,262,1,2019-09-30,2020-06-17,169,14,74,112,199,188,2,2019-10-27,2020-06-17,169,180,162,2,2019-12-14,2020-06-16,168
AIL145,2021,359,1,360,240,240,1,2020-10-14,2021-06-10,161,8,64,90,199,186,2,2020-11-22,2021-06-10,161,162,162,1,2020-12-30,2021-06-09,160
AIL146,2020,366,1,366,251,251,1,2019-09-29,2020-06-05,157,4,138,126,186,186,1,2019-12-03,2020-06-05,157,180,180,1,2019-12-08,2020-06-04,156
AIL146,2021,359,1,360,232,232,1,2020-10-14,2021-06-02,153,6,78,122,198,132,2,2020-11-02,2021-06-02,153,92,92,1,2021-02-28,2021-05-30,150
AIL147,2020,366,1,366,266,266,1,2019-09-29,2020-06-20,172,42,118,144,230,221,2,2019-10-29,2020-06-20,172,242,242,1,2019-10-23,2020-06-20,172
AIL147,2021,354,1,355,240,240,1,2020-10-14,2021-06-10,161,10,86,92,218,218,1,2020-11-05,2021-06-10,161,193,142,4,2020-11-06,2021-06-10,161
AIL148,2020,366,1,366,251,251,1,2019-09-29,2020-06-05,157,102,148,160,177,177,1,2019-12-12,2020-06-05,157,176,176,1,2019-12-12,2020-06-04,156
AIL148,2021,350,1,351,230,230,1,2020-10-17,2021-06-03,154,8,108,102,148,98,4,2020-11-04,2021-06-03,154,87,87,1,2021-03-06,2021-05-31,151
AIL149,2020,366,1,366,265,265,1,2019-09-29,2020-06-19,171,8,86,122,243,243,1,2019-10-21,2020-06-19,171,234,218,2,2019-10-23,2020-06-18,170
AIL149,2021,350,1,351,240,240,1,2020-10-14,2021-06-10,161,79,100,116,231,231,1,2020-10-23,2021-06-10,161,237,237,1,2020-10-17,2021-06-10,161
AIL150,2020,366,1,366,241,241,1,2019-09-29,2020-05-26,147,4,84,124,142,43,6,2019-12-13,2020-05-20,141,13,13,1,2019-12-13,2019-12-25,359
AIL150,2021,350,1,351,231,231,1,2020-10-13,2021-05-31,151,2,84,104,204,193,2,2020-11-04,2021-05-31,151,38,23,2,2021-01-21,2021-04-07,97
AIL151,2020,366,1,366,243,243,1,2019-10-08,2020-06-06,158,4,64,133,224,207,2,2019-10-23,2020-06-06,158,176,176,1,2019-12-12,2020-06-04,156
AIL151,2021,359,1,360,222,222,1,2020-10-15,2021-05-24,144,8,58,145,170,148,3,2020-11-05,2021-05-24,144,97,86,2,2021-02-05,2021-05-22,142
AIL152,2020,366,1,366,244,204,2,2019-09-30,2020-06-02,154,2,94,183,174,174,1,2019-12-12,2020-06-02,154,154,154,1,2019-12-30,2020-05-31,152
AIL152,2021,359,1,360,217,187,2,2020-10-18,2021-05-24,144,108,129,146,101,85,2,2021-01-31,2021-05-21,141,102,85,2,2021-01-31,2021-05-21,141
AIL153,2020,366,1,366,247,247,1,2019-09-30,2020-06-02,154,54,120,245,247,247,1,2019-09-30,2020-06-02,154,240,227,2,2019-10-01,2020-06-04,156
AIL153,2021,359,1,360,229,229,1,2020-10-15,2021-05-31,151,12,698,377,229,229,1,2020-10-15,2021-05-31,151,170,131,3,2020-12-09,2021-06-01,152
AIL154,2020,366,1,366,247,247,1,2019-09-30,2020-06-02,154,14,72,159,174,174,1,2019-12-12,2020-06-02,154,144,144,1,2020-01-10,2020-06-01,153
AIL154,2021,359,1,360,228,228,1,2020-10-15,2021-05-30,150,8,80,153,206,128,2,2020-11-04,2021-05-30,150,82,82,1,2021-03-05,2021-05-25,145
AIL155,2020,366,1,366,245,245,1,2019-09-29,2020-05-30,151,18,92,146,245,245,1,2019-09-29,2020-05-30,151,230,172,3,2019-10-01,2020-06-01,153
AIL155,2021,359,1,360,233,233,1,2020-10-14,2021-06-03,154,6,48,106,222,130,4,2020-10-15,2021-06-03,154,126,126,1,2021-01-28,2021-06-02,153
AIL156,2020,366,1,366,256,256,1,2019-09-29,2020-06-10,162,10,116,124,177,177,1,2019-12-17,2020-06-10,162,152,152,1,2020-01-08,2020-06-07,159
AIL156,2021,359,1,360,226,226,1,2020-10-20,2021-06-02,153,10,84,108,141,97,4,2020-11-04,2021-06-02,153,83,72,2,2021-03-06,2021-05-31,151
AIL157,2020,366,1,366,268,268,1,2019-09-29,2020-06-22,174,24,98,108,231,218,2,2019-10-26,2020-06-22,174,193,193,1,2019-12-13,2020-06-22,174
AIL157,2021,359,1,360,240,240,1,2020-10-14,2021-06-10,161,18,110,100,215,153,3,2020-11-04,2021-06-10,161,129,129,1,2021-02-01,2021-06-09,160
AIL158,2020,366,1,366,263,263,1,2019-09-29,2020-06-17,169,108,92,130,261,261,1,2019-10-01,2020-06-17,169,193,193,1,2019-12-07,2020-06-16,168
AIL158,2021,350,1,351,238,238,1,2020-10-13,2021-06-07,158,20,102,104,217,217,1,2020-11-03,2021-06-07,158,125,101,2,2021-01-27,2021-06-06,157
AIL159,2020,366,1,366,244,244,1,2019-09-29,2020-05-29,150,10,104,140,116,44,7,2019-12-12,2020-05-18,139,0,0,0,NA,NA,0
AIL159,2021,350,1,351,216,216,1,2020-10-15,2021-05-18,138,12,126,144,62,16,5,2020-11-02,2021-04-28,118,0,0,0,NA,NA,0
AIL160,2020,366,1,366,245,245,1,2019-09-29,2020-05-30,151,40,120,142,171,171,1,2019-12-12,2020-05-30,151,72,20,5,2020-01-27,2020-05-17,138
AIL160,2021,350,1,351,227,227,1,2020-10-14,2021-05-28,148,6,118,124,162,50,6,2020-11-06,2021-05-28,148,39,18,3,2021-03-06,2021-05-10,130
AIL161,2020,366,1,366,243,243,1,2019-10-08,2020-06-06,158,44,154,173,200,189,2,2019-10-27,2020-06-06,158,177,177,1,2019-12-13,2020-06-06,158
AIL161,2021,359,1,360,229,229,1,2020-10-17,2021-06-02,153,22,138,131,223,223,1,2020-10-23,2021-06-02,153,181,142,4,2020-11-06,2021-06-01,152
AIL162,2020,366,1,366,253,253,1,2019-09-30,2020-06-08,160,4,93,117,215,185,3,2019-10-26,2020-06-08,160,180,180,1,2019-12-13,2020-06-09,161
AIL162,2021,359,1,360,232,232,1,2020-10-15,2021-06-03,154,4,91,109,223,223,1,2020-10-24,2021-06-03,154,187,175,2,2020-11-06,2021-06-03,154
AIL163,2020,366,1,366,217,171,3,2019-10-17,2020-05-24,145,8,140,208,0,0,0,NA,NA,0,0,0,0,NA,NA,0
AIL163,2021,359,1,360,189,175,2,2020-11-04,2021-05-12,132,12,192,264,0,0,0,NA,NA,0,0,0,0,NA,NA,0
AIL164,2020,366,1,366,251,251,1,2019-09-29,2020-06-05,157,10,186,130,214,177,3,2019-10-26,2020-06-05,157,172,172,1,2019-12-17,2020-06-05,157
AIL164,2021,359,1,360,233,233,1,2020-10-13,2021-06-02,153,10,130,120,171,132,3,2020-12-11,2021-06-02,153,116,96,2,2021-02-01,2021-06-02,153
AIL165,2020,366,1,366,260,260,1,2019-09-29,2020-06-14,166,52,92,104,202,191,2,2019-11-17,2020-06-14,166,168,168,1,2019-12-30,2020-06-14,166
AIL165,2021,359,1,360,232,232,1,2020-10-14,2021-06-02,153,4,60,106,190,132,5,2020-11-05,2021-06-02,153,118,97,2,2021-02-04,2021-06-02,153
AIL166,2020,366,1,366,270,270,1,2019-09-29,2020-06-24,176,20,68,110,221,196,2,2019-11-14,2020-06-24,176,195,195,1,2019-12-13,2020-06-24,176
AIL166,2021,359,1,360,248,248,1,2020-10-13,2021-06-17,168,10,50,90,236,236,1,2020-10-25,2021-06-17,168,226,208,2,2020-11-02,2021-06-16,167
AIL167,2020,366,1,366,247,247,1,2019-09-29,2020-06-01,153,14,130,138,151,138,2,2019-12-13,2020-05-23,144,118,51,4,2020-01-10,2020-05-19,140
AIL167,2021,350,1,351,231,231,1,2020-10-13,2021-05-31,151,12,104,124,126,54,6,2020-12-08,2021-05-31,151,10,10,1,2021-03-28,2021-04-06,96
AIL168,2020,366,1,366,250,250,1,2019-09-29,2020-06-04,156,32,46,70,216,175,4,2019-10-26,2020-06-04,156,211,174,4,2019-10-26,2020-06-03,155
AIL168,2021,350,1,351,230,230,1,2020-10-13,2021-05-30,150,4,38,100,158,52,7,2020-11-02,2021-05-21,141,78,25,5,2020-11-04,2021-05-10,130
AIL169,2020,366,1,366,249,249,1,2019-09-30,2020-06-04,156,4,60,90,219,176,2,2019-10-22,2020-06-04,156,147,114,4,2019-10-28,2020-06-01,153
AIL169,2021,350,1,351,230,157,2,2020-10-13,2021-06-02,153,2,62,108,126,126,1,2021-01-28,2021-06-02,153,114,86,2,2021-01-29,2021-05-30,150
AIL170,2020,366,1,366,240,240,1,2019-09-29,2020-05-25,146,22,100,110,0,0,0,NA,NA,0,0,0,0,NA,NA,0
AIL170,2021,350,1,351,217,217,1,2020-10-13,2021-05-17,137,18,126,134,9,9,1,2021-03-28,2021-04-05,95,0,0,0,NA,NA,0
AIL171,2020,366,1,366,254,254,1,2019-09-29,2020-06-08,160,2,86,126,189,189,1,2019-12-03,2020-06-08,160,188,188,1,2019-12-03,2020-06-07,159
AIL171,2021,359,1,360,237,237,1,2020-10-15,2021-06-08,159,2,68,98,216,216,1,2020-11-05,2021-06-08,159,211,134,2,2020-11-06,2021-06-06,157
AIL172,2020,366,1,366,252,252,1,2019-09-30,2020-06-07,159,8,72,149,216,207,2,2019-10-29,2020-06-07,159,187,187,1,2019-12-03,2020-06-06,158
AIL172,2021,359,1,360,231,231,1,2020-10-15,2021-06-02,153,20,79,159,214,214,1,2020-11-01,2021-06-02,153,178,128,2,2020-11-06,2021-05-30,150
AIL173,2020,366,1,366,246,246,1,2019-09-29,2020-05-31,152,16,84,168,216,200,2,2019-10-23,2020-05-31,152,133,44,5,2019-12-13,2020-05-18,139
AIL173,2021,359,1,360,226,226,1,2020-10-13,2021-05-26,146,84,110,112,72,40,3,2020-11-04,2021-05-25,145,93,41,5,2020-11-04,2021-05-26,146
AIL174,2020,366,1,366,241,241,1,2019-09-29,2020-05-26,147,6,110,138,117,42,5,2019-12-29,2020-05-18,139,0,0,0,NA,NA,0
AIL174,2021,359,1,360,217,217,1,2020-10-14,2021-05-18,138,12,100,134,58,24,4,2020-11-05,2021-05-09,129,0,0,0,NA,NA,0
AIL175,2020,366,1,366,264,206,2,2019-10-07,2020-06-28,180,16,86,88,163,163,1,2020-01-18,2020-06-28,180,152,152,1,2020-01-29,2020-06-28,180
AIL175,2021,350,1,351,252,220,2,2020-10-17,2021-06-26,177,26,72,78,204,165,2,2020-12-04,2021-06-26,177,194,139,3,2020-12-09,2021-06-25,176
AIL176,2020,366,1,366,242,183,2,2019-09-29,2020-05-30,151,12,86,78,109,55,4,2019-12-29,2020-05-22,143,19,10,2,2020-04-23,2020-05-17,138
AIL176,2021,350,1,351,226,226,1,2020-10-13,2021-05-26,146,6,76,118,41,18,3,2020-11-06,2021-05-10,130,0,0,0,NA,NA,0
AIL177,2020,366,1,366,234,234,1,2019-09-29,2020-05-19,140,22,90,218,0,0,0,NA,NA,0,0,0,0,NA,NA,0
AIL177,2021,350,1,351,191,135,3,2020-10-13,2021-05-11,131,22,142,224,0,0,0,NA,NA,0,0,0,0,NA,NA,0
AIL178,2020,366,1,366,258,258,1,2019-09-29,2020-06-12,164,30,76,82,184,184,1,2019-12-12,2020-06-12,164,175,175,1,2019-12-29,2020-06-20,172
AIL178,2021,350,1,351,240,240,1,2020-10-13,2021-06-09,160,10,68,90,218,218,1,2020-11-04,2021-06-09,160,195,182,2,2020-11-05,2021-06-19,170
AIL179,2020,366,1,366,263,263,1,2019-09-30,2020-06-18,170,6,80,122,187,170,2,2019-12-12,2020-06-18,170,162,162,1,2020-01-08,2020-06-17,169
AIL179,2021,350,1,351,234,163,2,2020-10-15,2021-06-08,159,6,72,120,113,101,2,2020-11-05,2021-06-08,159,99,99,1,2021-03-01,2021-06-07,158
AIL180,2020,366,1,366,244,244,1,2019-09-29,2020-05-29,150,6,70,98,105,105,1,2020-02-08,2020-05-22,143,11,11,1,2020-05-06,2020-05-16,137
AIL180,2021,350,1,351,233,233,1,2020-10-13,2021-06-02,153,8,66,112,109,88,2,2021-02-13,2021-06-02,153,78,26,4,2021-03-06,2021-05-31,151
AIL181,2020,366,1,366,239,239,1,2019-09-29,2020-05-24,145,6,90,164,13,13,1,2019-12-13,2019-12-25,359,0,0,0,NA,NA,0
AIL181,2021,359,1,360,212,140,2,2020-10-15,2021-05-16,136,4,102,218,0,0,0,NA,NA,0,0,0,0,NA,NA,0
AIL182,2020,366,1,366,250,250,1,2019-09-29,2020-06-04,156,12,38,58,172,76,5,2019-10-29,2020-05-26,147,95,71,3,2020-01-11,2020-05-25,146
AIL182,2021,359,1,360,231,231,1,2020-10-13,2021-05-31,151,2,34,52,183,80,4,2020-11-04,2021-05-16,136,134,50,4,2020-11-05,2021-05-12,132
AIL183,2020,366,1,366,266,266,1,2019-09-30,2020-06-21,173,4,60,68,213,193,3,2019-10-23,2020-06-21,173,182,166,2,2019-12-13,2020-06-20,172
AIL183,2021,350,1,351,250,250,1,2020-10-15,2021-06-21,172,8,58,70,242,242,1,2020-10-23,2021-06-21,172,192,192,1,2020-12-12,2021-06-21,172
AIL184,2020,366,1,366,258,258,1,2019-10-07,2020-06-20,172,22,62,82,191,191,1,2019-12-13,2020-06-20,172,189,189,1,2019-12-14,2020-06-19,171
AIL184,2021,350,1,351,248,248,1,2020-10-13,2021-06-17,168,6,200,88,237,237,1,2020-10-24,2021-06-17,168,195,145,2,2020-12-03,2021-06-16,167
AIL185,2020,366,1,366,241,241,1,2019-09-30,2020-05-27,148,12,72,120,142,93,5,2019-12-15,2020-05-27,148,0,0,0,NA,NA,0
AIL185,2021,350,1,351,217,217,1,2020-10-15,2021-05-19,139,50,116,180,50,35,2,2021-03-24,2021-05-19,139,9,9,1,2021-03-28,2021-04-05,95
AIL186,2020,366,1,366,257,257,1,2019-09-30,2020-06-12,164,10,62,102,234,234,1,2019-10-23,2020-06-12,164,213,182,2,2019-10-25,2020-06-11,163
AIL186,2021,350,1,351,233,233,1,2020-10-15,2021-06-04,155,50,70,92,231,231,1,2020-10-17,2021-06-04,155,211,197,2,2020-11-02,2021-06-04,155
AIL187,2020,366,1,366,239,239,1,2019-10-07,2020-06-01,153,12,100,90,172,172,1,2019-12-13,2020-06-01,153,121,121,1,2020-01-31,2020-05-30,151
AIL187,2021,350,1,351,225,225,1,2020-10-13,2021-05-25,145,4,96,116,175,75,4,2020-10-24,2021-05-11,131,26,15,2,2021-03-28,2021-05-08,128
AIL188,2020,366,1,366,256,256,1,2019-09-30,2020-06-11,163,14,66,128,181,181,1,2019-12-14,2020-06-11,163,180,180,1,2019-12-14,2020-06-10,162
AIL188,2021,350,1,351,235,235,1,2020-10-15,2021-06-06,157,14,54,90,215,215,1,2020-11-04,2021-06-06,157,197,197,1,2020-11-21,2021-06-05,156
AIL189,2020,366,1,366,262,262,1,2019-09-30,2020-06-17,169,10,64,138,203,193,2,2019-10-28,2020-06-17,169,187,187,1,2019-12-13,2020-06-16,168
AIL189,2021,350,1,351,240,240,1,2020-10-15,2021-06-11,162,8,78,118,204,165,3,2020-11-05,2021-06-11,162,152,152,1,2021-01-11,2021-06-11,162
AIL190,2020,366,1,366,251,251,1,2019-09-30,2020-06-06,158,4,50,86,197,163,4,2019-10-27,2020-06-06,158,175,163,2,2019-12-13,2020-06-05,157
AIL190,2021,350,1,351,239,239,1,2020-10-13,2021-06-08,159,12,58,58,227,205,2,2020-10-24,2021-06-08,159,201,201,1,2020-11-20,2021-06-08,159
AIL191,2020,366,1,366,238,238,1,2019-09-29,2020-05-23,144,10,130,160,11,11,1,2019-12-13,2019-12-23,357,0,0,0,NA,NA,0
AIL191,2021,359,1,360,209,143,2,2020-10-20,2021-05-17,137,2,136,206,9,9,1,2021-04-06,2021-04-14,104,0,0,0,NA,NA,0
AIL192,2020,366,1,366,251,251,1,2019-09-30,2020-06-06,158,10,40,70,177,163,2,2019-12-12,2020-06-06,158,183,183,1,2019-12-13,2020-06-12,164
AIL192,2021,359,1,360,233,233,1,2020-10-13,2021-06-02,153,2,46,60,203,178,3,2020-11-09,2021-06-02,153,157,113,4,2020-12-12,2021-06-05,156
AIL193,2020,366,1,366,254,254,1,2019-09-30,2020-06-09,161,8,40,72,221,210,2,2019-10-27,2020-06-09,161,190,190,1,2019-12-03,2020-06-09,161
AIL193,2021,350,1,351,235,235,1,2020-10-13,2021-06-04,155,2,46,82,217,217,1,2020-10-31,2021-06-04,155,210,210,1,2020-11-06,2021-06-03,154
AIL194,2020,366,1,366,243,243,1,2019-09-30,2020-05-29,150,12,40,92,194,149,4,2019-09-30,2020-05-29,150,82,21,6,2020-01-10,2020-05-28,149
AIL194,2021,350,1,351,215,215,1,2020-10-15,2021-05-17,137,4,100,204,37,21,2,2020-11-02,2021-02-20,51,0,0,0,NA,NA,0
AIL195,2020,366,1,366,249,249,1,2019-09-30,2020-06-04,156,10,98,154,192,176,2,2019-11-19,2020-06-04,156,157,157,1,2019-12-30,2020-06-03,155
AIL195,2021,350,1,351,227,227,1,2020-10-17,2021-05-31,151,12,98,135,170,130,3,2020-11-05,2021-05-31,151,93,84,2,2021-02-27,2021-05-31,151
AIL196,2020,366,1,366,249,249,1,2019-09-30,2020-06-04,156,6,72,168,175,175,1,2019-12-13,2020-06-04,156,134,110,3,2020-01-10,2020-06-02,154
AIL196,2021,350,1,351,229,229,1,2020-10-15,2021-05-31,151,16,76,158,118,95,2,2021-01-31,2021-05-31,151,73,63,2,2021-03-13,2021-05-25,145
AIL197,2020,366,1,366,248,248,1,2019-09-30,2020-06-03,155,10,106,154,162,152,2,2019-12-19,2020-06-03,155,124,70,4,2020-01-11,2020-06-01,153
AIL197,2021,350,1,351,180,150,3,2020-11-04,2021-05-26,146,2,139,207,77,64,2,2021-01-31,2021-05-26,146,37,26,2,2021-03-28,2021-05-20,140
AIL198,2020,366,1,366,259,259,1,2019-09-30,2020-06-14,166,8,84,96,251,238,2,2019-10-01,2020-06-14,166,204,183,2,2019-11-14,2020-06-13,165
AIL198,2021,350,1,351,238,238,1,2020-10-15,2021-06-09,160,46,84,104,230,230,1,2020-10-23,2021-06-09,160,190,181,2,2020-11-20,2021-06-08,159
AIL199,2020,366,1,366,246,246,1,2019-09-30,2020-06-01,153,8,78,128,205,179,3,2019-10-27,2020-06-01,153,121,96,2,2020-01-30,2020-05-31,152
AIL199,2021,350,1,351,229,229,1,2020-10-15,2021-05-31,151,32,74,114,216,126,2,2020-10-23,2021-05-31,151,95,86,2,2021-01-31,2021-05-30,150
AIL200,2020,366,1,366,253,253,1,2019-09-30,2020-06-08,160,26,68,148,232,232,1,2019-10-21,2020-06-08,160,161,161,1,2019-12-30,2020-06-07,159
AIL200,2021,350,1,351,226,226,1,2020-10-15,2021-05-28,148,22,54,129,205,151,2,2020-11-02,2021-05-28,148,112,90,2,2021-01-31,2021-05-26,146
MAL001,2020,366,1,366,233,233,1,2019-10-21,2020-06-09,161,4,90,134,195,186,2,2019-11-25,2020-06-09,161,178,178,1,2019-12-13,2020-06-07,159
MAL001,2021,361,1,362,230,230,1,2020-10-17,2021-06-03,154,28,112,144,211,211,1,2020-11-05,2021-06-03,154,145,124,3,2020-11-06,2021-05-31,151
MAL002,2020,366,1,366,231,231,1,2019-10-16,2020-06-02,154,6,78,146,198,198,1,2019-11-18,2020-06-02,154,154,154,1,2019-12-30,2020-05-31,152
MAL002,2021,361,1,362,222,205,2,2020-10-17,2021-05-27,147,6,116,182,185,170,2,2020-11-05,2021-05-27,147,136,116,3,2020-11-06,2021-05-22,142
MAL003,2020,366,1,366,234,234,1,2019-10-11,2020-05-31,152,8,68,124,190,177,2,2019-11-21,2020-05-31,152,171,171,1,2019-12-13,2020-05-31,152
MAL003,2021,358,1,359,211,142,3,2020-10-17,2021-05-18,138,16,76,148,70,57,2,2020-11-05,2021-05-18,138,66,55,2,2020-11-06,2021-05-17,137
MAL004,2020,366,1,366,243,243,1,2019-10-11,2020-06-09,161,12,58,112,225,210,2,2019-10-24,2020-06-09,161,178,178,1,2019-12-13,2020-06-07,159
MAL004,2021,358,1,359,227,227,1,2020-10-18,2021-06-01,152,20,36,114,209,209,1,2020-11-05,2021-06-01,152,167,144,3,2020-11-05,2021-05-31,151
MAL005,2020,366,1,366,231,231,1,2019-10-21,2020-06-07,159,148,294,116,184,184,1,2019-12-07,2020-06-07,159,160,160,1,2019-12-30,2020-06-06,158
MAL005,2021,358,1,359,224,224,1,2020-10-21,2021-06-01,152,4,86,144,209,209,1,2020-11-05,2021-06-01,152,158,137,3,2020-11-06,2021-05-31,151
MAL006,2020,366,1,366,230,230,1,2019-10-21,2020-06-06,158,8,84,116,173,160,2,2019-12-13,2020-06-06,158,158,158,1,2019-12-30,2020-06-04,156
MAL006,2021,356,1,357,223,223,1,2020-10-21,2021-05-31,151,28,114,134,188,174,2,2020-11-05,2021-05-31,151,128,91,2,2021-01-19,2021-05-28,148
MAL007,2020,366,1,366,246,246,1,2019-10-11,2020-06-12,164,550,58,102,225,213,2,2019-10-26,2020-06-12,164,182,182,1,2019-12-13,2020-06-11,163
MAL007,2021,356,1,357,228,228,1,2020-10-17,2021-06-01,152,90,54,108,209,209,1,2020-11-05,2021-06-01,152,201,175,3,2020-11-05,2021-06-01,152
MAL008,2020,366,1,366,225,225,1,2019-10-19,2020-05-30,151,6,52,92,216,200,2,2019-10-23,2020-05-30,151,169,169,1,2019-12-13,2020-05-29,150
MAL008,2021,346,1,347,213,197,2,2020-10-17,2021-05-20,140,24,80,118,196,181,2,2020-11-05,2021-05-20,140,130,119,2,2020-11-07,2021-05-17,137
MAL009,2020,366,1,366,230,230,1,2019-10-19,2020-06-04,156,2,88,100,216,205,2,2019-10-27,2020-06-04,156,174,174,1,2019-12-13,2020-06-03,155
MAL009,2021,346,1,347,226,226,1,2020-10-17,2021-05-30,150,6,34,100,220,220,1,2020-10-23,2021-05-30,150,173,116,3,2020-11-05,2021-05-26,146
MAL010,2020,366,1,366,237,237,1,2019-10-08,2020-05-31,152,2,50,102,175,153,3,2019-10-28,2020-05-31,152,153,153,1,2019-12-31,2020-05-31,152
MAL010,2021,346,1,347,223,223,1,2020-10-15,2021-05-25,145,4,50,98,133,86,4,2020-11-02,2021-05-25,145,101,76,3,2020-11-07,2021-05-20,140
MAL011,2020,366,1,366,236,236,1,2019-10-11,2020-06-02,154,1000,286,162,198,198,1,2019-11-18,2020-06-02,154,154,154,1,2019-12-30,2020-05-31,152
MAL011,2021,361,1,362,226,226,1,2020-10-17,2021-05-30,150,18,112,162,202,184,2,2020-11-05,2021-05-30,150,152,131,3,2020-11-06,2021-05-25,145
MAL012,2020,366,1,366,237,237,1,2019-10-11,2020-06-03,155,4,104,174,199,199,1,2019-11-18,2020-06-03,155,157,157,1,2019-12-30,2020-06-03,155
MAL012,2021,361,1,362,227,227,1,2020-10-17,2021-05-31,151,62,60,162,218,208,2,2020-10-23,2021-05-31,151,157,136,3,2020-11-06,2021-05-25,145
MAL013,2020,366,1,366,238,238,1,2019-10-16,2020-06-09,161,2,74,168,205,205,1,2019-11-18,2020-06-09,161,161,161,1,2019-12-31,2020-06-08,160
MAL013,2021,358,1,359,227,210,2,2020-10-17,2021-06-01,152,58,66,182,207,177,2,2020-11-05,2021-06-01,152,140,109,3,2020-11-06,2021-06-01,152
MAL014,2020,366,1,366,233,233,1,2019-10-21,2020-06-09,161,4,92,162,221,210,2,2019-10-27,2020-06-09,161,178,178,1,2019-12-13,2020-06-07,159
MAL014,2021,358,1,359,228,228,1,2020-10-17,2021-06-01,152,24,82,156,209,209,1,2020-11-05,2021-06-01,152,204,174,2,2020-11-05,2021-05-31,151
MAL015,2020,366,1,366,235,235,1,2019-10-11,2020-06-01,153,124,68,96,208,197,2,2019-10-27,2020-06-01,153,171,171,1,2019-12-13,2020-05-31,152
MAL015,2021,356,1,357,223,206,2,2020-10-17,2021-05-28,148,18,62,136,187,173,2,2020-11-05,2021-05-28,148,157,135,3,2020-11-05,2021-05-25,145
MAL016,2020,366,1,366,240,240,1,2019-10-11,2020-06-06,158,84,132,100,223,207,2,2019-10-23,2020-06-06,158,179,179,1,2019-12-13,2020-06-08,160
MAL016,2021,356,1,357,229,229,1,2020-10-17,2021-06-02,153,158,52,110,210,210,1,2020-11-05,2021-06-02,153,182,159,3,2020-11-05,2021-05-31,151
MAL017,2020,366,1,366,228,228,1,2019-10-20,2020-06-03,155,12,64,120,219,203,2,2019-10-23,2020-06-03,155,173,173,1,2019-12-12,2020-06-01,153
MAL017,2021,356,1,357,214,196,2,2020-10-16,2021-05-18,138,2,94,192,180,150,2,2020-11-05,2021-05-18,138,123,110,2,2020-11-05,2021-05-16,136
MAL018,2020,366,1,366,201,187,2,2019-10-19,2020-05-07,128,8,106,228,57,26,4,2019-12-30,2020-03-06,66,0,0,0,NA,NA,0
MAL018,2021,345,1,347,135,64,5,2020-10-15,2021-04-16,106,26,216,310,0,0,0,NA,NA,0,0,0,0,NA,NA,0
MAL019,2020,366,1,366,241,241,1,2019-10-08,2020-06-04,156,6,48,76,181,181,1,2019-12-07,2020-06-04,156,184,184,1,2019-12-13,2020-06-13,165
MAL019,2021,346,1,347,232,232,1,2020-10-14,2021-06-02,153,6,12,72,231,231,1,2020-10-15,2021-06-02,153,208,134,4,2020-11-05,2021-06-06,157
MAL020,2020,366,1,366,241,241,1,2019-10-08,2020-06-04,156,2,68,118,200,200,1,2019-11-18,2020-06-04,156,156,156,1,2019-12-30,2020-06-02,154
MAL020,2021,356,1,357,226,226,1,2020-10-17,2021-05-30,150,66,42,120,214,173,3,2020-10-23,2021-05-30,150,124,113,2,2020-11-07,2021-05-27,147
MAL021,2020,366,1,366,227,227,1,2019-10-10,2020-05-23,144,2,106,154,135,39,6,2019-11-18,2020-05-23,144,94,39,5,2019-12-15,2020-05-07,128
MAL021,2021,361,1,362,206,206,1,2020-10-16,2021-05-09,129,38,128,194,87,25,5,2020-11-05,2021-04-27,117,0,0,0,NA,NA,0
MAL022,2020,366,1,366,238,238,1,2019-10-11,2020-06-04,156,2,76,106,215,200,2,2019-10-23,2020-06-04,156,175,175,1,2019-12-13,2020-06-04,156
MAL022,2021,361,1,362,225,225,1,2020-10-17,2021-05-29,149,8,56,124,217,206,2,2020-10-23,2021-05-29,149,184,169,2,2020-11-05,2021-05-26,146
MAL023,2020,366,1,366,240,240,1,2019-10-11,2020-06-06,158,6,92,148,222,207,2,2019-10-23,2020-06-06,158,175,175,1,2019-12-13,2020-06-04,156
MAL023,2021,358,1,359,229,229,1,2020-10-16,2021-06-01,152,26,90,142,209,209,1,2020-11-05,2021-06-01,152,182,158,3,2020-11-05,2021-05-27,147
MAL024,2020,366,1,366,229,229,1,2019-10-21,2020-06-05,157,2,126,148,201,201,1,2019-11-18,2020-06-05,157,175,175,1,2019-12-13,2020-06-04,156
MAL024,2021,358,1,359,229,229,1,2020-10-16,2021-06-01,152,4,96,154,209,209,1,2020-11-05,2021-06-01,152,179,139,4,2020-11-05,2021-05-26,146
MAL025,2020,366,1,366,229,229,1,2019-10-21,2020-06-05,157,100,96,136,220,206,2,2019-10-25,2020-06-05,157,173,173,1,2019-12-13,2020-06-02,154
MAL025,2021,356,1,357,226,209,2,2020-10-17,2021-05-31,151,14,88,142,216,176,3,2020-10-23,2021-05-31,151,156,134,3,2020-11-05,2021-05-28,148
MAL026,2020,366,1,366,227,227,1,2019-10-20,2020-06-02,154,4,72,104,220,203,2,2019-10-24,2020-06-02,154,172,172,1,2019-12-13,2020-06-01,153
MAL026,2021,356,1,357,224,206,2,2020-10-16,2021-05-28,148,20,62,112,215,205,2,2020-10-23,2021-05-28,148,183,169,2,2020-11-05,2021-05-26,146
MAL027,2020,366,1,366,251,251,1,2019-10-08,2020-06-14,166,4,64,108,194,185,2,2019-11-19,2020-06-14,166,166,166,1,2019-12-31,2020-06-13,165
MAL027,2021,356,1,357,237,237,1,2020-10-15,2021-06-08,159,2,40,110,229,229,1,2020-10-23,2021-06-08,159,193,193,1,2020-11-28,2021-06-08,159
MAL028,2020,366,1,366,243,243,1,2019-10-08,2020-06-06,158,12,78,130,160,160,1,2019-12-30,2020-06-06,158,152,152,1,2020-01-05,2020-06-04,156
MAL028,2021,356,1,357,234,234,1,2020-10-15,2021-06-05,156,18,74,128,170,113,4,2020-11-05,2021-06-05,156,72,72,1,2021-03-24,2021-06-03,154
MAL029,2020,366,1,366,242,242,1,2019-10-08,2020-06-05,157,6,40,68,215,177,3,2019-10-23,2020-06-05,157,182,121,3,2019-11-14,2020-06-04,156
MAL029,2021,356,1,357,232,232,1,2020-10-15,2021-06-03,154,4,68,62,222,132,2,2020-10-23,2021-06-03,154,167,85,4,2020-12-03,2021-06-03,154
MAL030,2020,366,1,366,228,228,1,2019-10-21,2020-06-04,156,8,108,114,175,175,1,2019-12-13,2020-06-04,156,154,154,1,2019-12-31,2020-06-01,153
MAL030,2021,356,1,357,226,226,1,2020-10-17,2021-05-30,150,8,42,146,218,173,2,2020-10-21,2021-05-30,150,144,122,3,2020-11-05,2021-05-29,149
MAL031,2020,366,1,366,238,238,1,2019-10-11,2020-06-04,156,4,62,178,224,206,2,2019-10-23,2020-06-04,156,168,168,1,2019-12-20,2020-06-04,156
MAL031,2021,361,1,362,221,203,2,2020-10-16,2021-05-25,145,10,186,199,201,186,2,2020-11-05,2021-05-25,145,111,85,3,2020-11-06,2021-05-21,141
MAL032,2020,366,1,366,239,239,1,2019-10-11,2020-06-05,157,16,240,110,224,206,2,2019-10-23,2020-06-05,157,176,176,1,2019-12-12,2020-06-04,156
MAL032,2021,361,1,362,229,229,1,2020-10-16,2021-06-01,152,356,322,106,220,210,2,2020-10-24,2021-06-01,152,205,187,2,2020-11-05,2021-05-29,149
MAL033,2020,366,1,366,247,247,1,2019-10-11,2020-06-13,165,38,166,128,230,214,2,2019-10-23,2020-06-13,165,184,184,1,2019-12-13,2020-06-13,165
MAL033,2021,358,1,359,233,233,1,2020-10-17,2021-06-06,157,160,68,106,214,214,1,2020-11-05,2021-06-06,157,190,166,3,2020-11-05,2021-06-04,155
MAL034,2020,366,1,366,243,243,1,2019-10-11,2020-06-09,161,6,62,142,231,231,1,2019-10-23,2020-06-09,161,185,185,1,2019-12-07,2020-06-08,160
MAL034,2021,358,1,359,231,231,1,2020-10-17,2021-06-04,155,84,84,128,212,212,1,2020-11-05,2021-06-04,155,191,176,2,2020-11-05,2021-06-02,153
MAL035,2020,366,1,366,244,244,1,2019-10-08,2020-06-07,159,8,68,96,200,189,2,2019-10-27,2020-06-07,159,177,177,1,2019-12-13,2020-06-06,158
MAL035,2021,356,1,357,232,232,1,2020-10-15,2021-06-03,154,92,50,112,214,214,1,2020-11-02,2021-06-03,154,205,146,4,2020-11-05,2021-06-02,153
MAL036,2020,366,1,366,250,250,1,2019-10-08,2020-06-13,165,14,74,94,168,168,1,2019-12-29,2020-06-13,165,153,153,1,2020-01-11,2020-06-11,163
MAL036,2021,356,1,357,229,211,2,2020-10-15,2021-06-01,152,6,88,150,105,95,2,2020-12-26,2021-06-01,152,56,26,3,2021-03-24,2021-05-28,148
MAL037,2020,366,1,366,249,249,1,2019-10-08,2020-06-12,164,8,72,124,184,184,1,2019-12-12,2020-06-12,164,157,157,1,2020-01-07,2020-06-11,163
MAL037,2021,356,1,357,237,237,1,2020-10-15,2021-06-08,159,4,78,114,235,235,1,2020-10-17,2021-06-08,159,166,136,3,2020-12-21,2021-06-07,158
MAL038,2020,366,1,366,264,264,1,2019-10-08,2020-06-27,179,14,176,80,250,250,1,2019-10-22,2020-06-27,179,227,227,1,2019-11-13,2020-06-26,178
MAL038,2021,349,1,350,251,251,1,2020-10-15,2021-06-22,173,32,168,68,251,251,1,2020-10-15,2021-06-22,173,231,231,1,2020-11-05,2021-06-23,174
MAL039,2020,366,1,366,243,243,1,2019-10-08,2020-06-06,158,10,80,106,183,183,1,2019-12-07,2020-06-06,158,168,168,1,2019-12-20,2020-06-04,156
MAL039,2021,349,1,350,228,228,1,2020-10-17,2021-06-01,152,28,140,128,209,209,1,2020-11-05,2021-06-01,152,155,116,4,2020-11-06,2021-05-31,151
MAL040,2020,366,1,366,239,239,1,2019-10-08,2020-06-02,154,2,78,110,218,203,2,2019-10-23,2020-06-02,154,172,172,1,2019-12-13,2020-06-01,153
MAL040,2021,349,1,350,225,225,1,2020-10-17,2021-05-29,149,20,40,112,215,189,2,2020-10-23,2021-05-29,149,152,90,4,2020-11-05,2021-05-26,146
MAL041,2020,366,1,366,249,249,1,2019-10-08,2020-06-12,164,10,68,152,234,234,1,2019-10-23,2020-06-12,164,226,212,2,2019-10-25,2020-06-12,164
MAL041,2021,361,1,362,231,231,1,2020-10-15,2021-06-02,153,56,64,64,231,231,1,2020-10-15,2021-06-02,153,226,226,1,2020-10-23,2021-06-05,156
MAL042,2020,341,1,342,223,223,1,2019-10-20,2020-05-29,150,6,52,72,201,201,1,2019-11-11,2020-05-29,150,192,192,1,2019-11-20,2020-05-29,150
MAL043,2020,366,1,366,234,234,1,2019-10-19,2020-06-08,160,10,92,128,219,190,3,2019-10-23,2020-06-08,160,188,188,1,2019-12-03,2020-06-07,159
MAL043,2021,361,1,362,230,230,1,2020-10-15,2021-06-01,152,2,26,116,227,227,1,2020-10-18,2021-06-01,152,182,120,2,2020-11-07,2021-05-29,149
MAL044,2020,366,1,366,235,235,1,2019-10-08,2020-05-29,150,2,82,148,208,171,2,2019-10-23,2020-05-29,150,153,90,6,2019-10-28,2020-05-24,145
MAL044,2021,361,1,362,219,219,1,2020-10-15,2021-05-21,141,4,70,128,138,80,3,2020-10-23,2021-05-21,141,72,56,2,2021-02-05,2021-05-18,138
MAL045,2020,366,1,366,217,217,1,2019-10-20,2020-05-23,144,12,74,108,212,169,2,2019-10-23,2020-05-23,144,172,115,5,2019-10-25,2020-05-21,142
MAL045,2021,358,1,359,221,202,2,2020-10-15,2021-05-24,144,8,48,116,116,85,2,2021-01-28,2021-05-24,144,45,21,3,2021-02-05,2021-05-20,140
MAL046,2020,366,1,366,247,247,1,2019-10-08,2020-06-10,162,14,78,213,226,211,2,2019-10-23,2020-06-10,162,177,177,1,2019-12-14,2020-06-07,159
MAL046,2021,358,1,359,232,232,1,2020-10-15,2021-06-03,154,24,58,162,224,224,1,2020-10-23,2021-06-03,154,204,176,3,2020-11-05,2021-06-02,153
MAL047,2020,366,1,366,251,219,2,2019-10-08,2020-06-17,169,2,80,102,194,194,1,2019-12-07,2020-06-17,169,186,186,1,2019-12-14,2020-06-16,168
MAL047,2021,349,1,350,236,218,2,2020-10-16,2021-06-09,160,4,72,106,217,217,1,2020-11-05,2021-06-09,160,153,141,2,2020-11-07,2021-06-08,159
MAL048,2020,366,1,366,246,246,1,2019-10-08,2020-06-09,161,48,74,140,233,233,1,2019-10-21,2020-06-09,161,228,228,1,2019-10-23,2020-06-06,158
MAL048,2021,349,1,350,230,230,1,2020-10-17,2021-06-03,154,44,22,133,227,227,1,2020-10-20,2021-06-03,154,199,176,3,2020-11-05,2021-06-02,153
MAL049,2020,366,1,366,247,247,1,2019-10-08,2020-06-10,162,6,90,128,206,206,1,2019-11-18,2020-06-10,162,179,179,1,2019-12-14,2020-06-09,161
MAL049,2021,349,1,350,231,231,1,2020-10-17,2021-06-04,155,46,44,98,227,227,1,2020-10-21,2021-06-04,155,210,195,2,2020-11-05,2021-06-04,155
MAL050,2020,366,1,366,226,226,1,2019-10-21,2020-06-02,154,40,76,167,186,186,1,2019-11-30,2020-06-02,154,156,156,1,2019-12-30,2020-06-02,154
MAL050,2021,357,1,358,227,227,1,2020-10-18,2021-06-01,152,8,66,160,198,175,3,2020-10-23,2021-06-01,152,153,134,3,2020-11-07,2021-05-31,151
MAL051,2020,366,1,366,237,237,1,2019-10-08,2020-05-31,152,6,72,136,149,149,1,2020-01-04,2020-05-31,152,137,137,1,2020-01-11,2020-05-26,147
MAL051,2021,361,1,362,223,223,1,2020-10-15,2021-05-25,145,18,88,144,181,124,4,2020-11-05,2021-05-25,145,73,73,1,2021-03-05,2021-05-16,136
MAL052,2020,366,1,366,257,257,1,2019-09-30,2020-06-12,164,12,92,116,222,222,1,2019-11-04,2020-06-12,164,192,192,1,2019-12-02,2020-06-10,162
MAL052,2021,361,1,362,238,238,1,2020-10-14,2021-06-08,159,4,60,72,216,194,2,2020-11-04,2021-06-08,159,212,134,2,2020-11-05,2021-06-05,156
MAL053,2020,366,1,366,247,247,1,2019-10-05,2020-06-07,159,4,46,124,198,117,6,2019-10-23,2020-06-07,159,106,97,2,2019-10-29,2020-06-07,159
MAL053,2021,361,1,362,235,235,1,2020-10-14,2021-06-05,156,10,30,76,227,134,2,2020-10-20,2021-06-05,156,176,122,2,2020-10-24,2021-06-04,155
MAL054,2020,366,1,366,256,256,1,2019-09-30,2020-06-11,163,18,60,96,227,212,2,2019-10-23,2020-06-11,163,190,190,1,2019-12-04,2020-06-10,162
MAL054,2021,361,1,362,233,233,1,2020-10-14,2021-06-03,154,8,54,90,211,211,1,2020-11-05,2021-06-03,154,126,94,2,2021-01-25,2021-05-31,151
MAL055,2020,366,1,366,249,249,1,2019-10-08,2020-06-12,164,8,94,118,158,158,1,2020-01-07,2020-06-12,164,132,132,1,2020-02-01,2020-06-11,163
MAL055,2021,358,1,359,232,232,1,2020-10-15,2021-06-03,154,6,110,130,90,73,2,2020-11-01,2021-06-03,154,69,69,1,2021-03-24,2021-05-31,151
MAL056,2020,360,1,366,214,151,2,2019-10-21,2020-06-13,165,6,130,174,191,151,2,2019-11-13,2020-06-13,165,158,148,2,2019-12-13,2020-06-10,162
MAL056,2021,358,1,359,236,236,1,2020-10-15,2021-06-07,158,70,84,96,219,219,1,2020-11-01,2021-06-07,158,210,197,2,2020-11-06,2021-06-04,155
MAL057,2020,366,1,366,238,238,1,2019-10-08,2020-06-01,153,30,78,156,223,223,1,2019-10-23,2020-06-01,153,167,167,1,2019-12-18,2020-06-01,153
MAL057,2021,349,1,350,226,226,1,2020-10-15,2021-05-28,148,28,56,124,218,218,1,2020-10-23,2021-05-28,148,153,135,3,2020-11-08,2021-05-25,145
MAL058,2020,366,1,366,241,241,1,2019-10-11,2020-06-07,159,2,66,122,225,208,2,2019-10-23,2020-06-07,159,160,160,1,2019-12-30,2020-06-06,158
MAL058,2021,349,1,350,229,229,1,2020-10-17,2021-06-02,153,18,46,112,223,223,1,2020-10-23,2021-06-02,153,188,175,2,2020-11-05,2021-06-01,152
MAL059,2020,366,1,366,230,230,1,2019-10-21,2020-06-06,158,2,74,106,178,178,1,2019-12-12,2020-06-06,158,158,158,1,2019-12-30,2020-06-04,156
MAL059,2021,349,1,350,229,229,1,2020-10-17,2021-06-02,153,4,54,100,223,223,1,2020-10-23,2021-06-02,153,175,162,2,2020-11-05,2021-05-31,151
MAL060,2020,366,1,366,234,234,1,2019-10-21,2020-06-10,162,4,96,160,225,210,2,2019-10-25,2020-06-10,162,179,179,1,2019-12-14,2020-06-09,161
MAL060,2021,357,1,358,229,229,1,2020-10-18,2021-06-03,154,10,60,115,208,195,2,2020-11-05,2021-06-03,154,167,157,2,2020-11-08,2021-06-03,154
MAL061,2020,366,1,366,239,173,2,2019-09-29,2020-05-30,151,8,106,144,131,131,1,2020-01-14,2020-05-23,144,70,34,3,2020-02-04,2020-05-08,129
MAL061,2021,361,1,362,235,235,1,2020-10-15,2021-06-06,157,16,84,84,202,180,2,2020-10-27,2021-06-06,157,178,178,1,2020-12-09,2021-06-04,155
MAL062,2020,366,1,366,255,255,1,2019-09-29,2020-06-09,161,12,70,122,181,181,1,2019-12-12,2020-06-09,161,161,161,1,2019-12-30,2020-06-07,159
MAL062,2021,361,1,362,241,241,1,2020-10-12,2021-06-09,160,6,66,96,220,220,1,2020-11-02,2021-06-09,160,159,159,1,2020-12-30,2021-06-06,157
MAL063,2020,366,1,366,257,257,1,2019-09-30,2020-06-12,164,54,74,136,254,236,2,2019-09-30,2020-06-12,164,190,181,2,2019-11-25,2020-06-10,162
MAL063,2021,361,1,362,240,240,1,2020-10-13,2021-06-09,160,34,76,128,232,232,1,2020-10-21,2021-06-09,160,204,193,2,2020-11-06,2021-06-08,159
MAL064,2020,366,1,366,238,172,2,2019-09-29,2020-05-25,146,12,100,164,0,0,0,NA,NA,0,0,0,0,NA,NA,0
MAL064,2021,361,1,362,236,236,1,2020-10-13,2021-06-05,156,10,46,76,194,179,2,2020-11-20,2021-06-05,156,175,175,1,2020-12-11,2021-06-03,154
MAL065,2020,366,1,366,244,244,1,2019-09-30,2020-05-30,151,2,98,94,221,221,1,2019-10-23,2020-05-30,151,205,151,3,2019-10-24,2020-05-26,147
MAL065,2021,353,1,354,230,230,1,2020-10-13,2021-05-30,150,32,128,78,213,119,2,2020-10-15,2021-05-30,150,164,50,5,2020-11-01,2021-05-20,140
MAL066,2020,366,1,366,239,239,1,2019-10-08,2020-06-02,154,2,58,112,176,148,3,2019-10-27,2020-06-02,154,109,109,1,2020-02-13,2020-05-31,152
MAL066,2021,353,1,354,233,233,1,2020-10-13,2021-06-02,153,4,40,100,211,211,1,2020-11-04,2021-06-02,153,141,90,3,2020-12-29,2021-06-02,153
MAL067,2020,366,1,366,245,245,1,2019-10-08,2020-06-08,160,2,76,110,207,179,3,2019-10-27,2020-06-08,160,161,161,1,2019-12-30,2020-06-07,159
MAL067,2021,349,1,350,231,231,1,2020-10-15,2021-06-02,153,14,38,78,225,225,1,2020-10-21,2021-06-02,153,201,175,3,2020-11-05,2021-06-01,152
MAL068,2020,366,1,366,213,195,2,2019-10-21,2020-05-24,145,6,126,182,165,165,1,2019-12-12,2020-05-24,145,120,120,1,2020-01-05,2020-05-03,124
MAL068,2021,349,1,350,216,216,1,2020-10-17,2021-05-20,140,38,96,170,182,163,2,2020-11-04,2021-05-20,140,128,119,2,2020-12-29,2021-05-16,136
MAL070,2020,366,1,366,225,225,1,2019-10-21,2020-06-01,153,19,89,137,164,155,2,2019-12-17,2020-06-01,153,153,153,1,2019-12-30,2020-05-30,151
MAL070,2021,353,1,354,231,231,1,2020-10-15,2021-06-02,153,143,121,131,210,210,1,2020-11-05,2021-06-02,153,210,210,1,2020-11-05,2021-06-02,153
MAL071,2020,366,1,366,264,264,1,2019-10-05,2020-06-24,176,22,110,140,179,179,1,2019-12-29,2020-06-24,176,168,168,1,2020-01-08,2020-06-23,175
MAL071,2021,361,1,362,250,250,1,2020-10-13,2021-06-19,170,4,40,108,230,230,1,2020-11-02,2021-06-19,170,143,143,1,2021-01-23,2021-06-14,165
MAL072,2020,366,1,366,236,236,1,2019-10-21,2020-06-12,164,42,124,144,194,184,2,2019-11-18,2020-06-12,164,155,155,1,2020-01-07,2020-06-09,161
MAL072,2021,361,1,362,252,243,2,2020-09-21,2021-06-12,163,22,70,72,252,243,2,2020-09-21,2021-06-12,163,184,184,1,2020-12-09,2021-06-10,161
MAL073,2020,366,1,366,250,250,1,2019-10-08,2020-06-13,165,18,20,32,250,250,1,2019-10-08,2020-06-13,165,250,250,1,2019-10-08,2020-06-13,165
MAL073,2021,362,1,362,253,253,1,2020-10-13,2021-06-22,173,14,50,90,243,243,1,2020-10-23,2021-06-22,173,231,231,1,2020-11-03,2021-06-21,172
MAL074,2020,366,1,366,273,273,1,2019-09-29,2020-06-27,179,6,50,74,243,232,2,2019-10-28,2020-06-27,179,218,197,2,2019-11-14,2020-06-26,178
MAL074,2021,353,1,354,258,258,1,2020-10-13,2021-06-27,178,4,28,26,248,248,1,2020-10-23,2021-06-27,178,218,218,1,2020-11-20,2021-06-25,176
MAL075,2020,366,1,366,243,178,2,2019-09-30,2020-05-31,152,10,86,112,64,64,1,2020-03-29,2020-05-31,152,59,30,3,2020-04-01,2020-05-31,152
MAL075,2021,353,1,354,220,220,1,2020-10-13,2021-05-20,140,8,88,104,113,36,6,2020-12-02,2021-05-07,127,0,0,0,NA,NA,0
MAL076,2020,366,1,366,246,246,1,2019-10-08,2020-06-09,161,18,62,74,225,187,2,2019-10-23,2020-06-09,161,169,156,2,2019-12-13,2020-06-08,160
MAL076,2021,353,1,354,233,233,1,2020-10-15,2021-06-04,155,4,46,66,218,104,3,2020-10-23,2021-06-04,155,185,98,4,2020-11-05,2021-06-03,154
MAL077,2020,366,1,366,242,242,1,2019-10-08,2020-06-05,157,10,66,60,227,227,1,2019-10-23,2020-06-05,157,213,213,1,2019-11-06,2020-06-05,157
MAL077,2021,353,1,354,227,227,1,2020-10-15,2021-05-29,149,32,72,86,194,64,5,2020-11-05,2021-05-29,149,146,43,5,2020-11-05,2021-05-21,141
MAL078,2020,366,1,366,225,225,1,2019-10-21,2020-06-01,153,2,98,140,173,173,1,2019-12-12,2020-06-01,153,154,154,1,2019-12-30,2020-05-31,152
MAL078,2021,353,1,354,226,226,1,2020-10-17,2021-05-30,150,4,80,152,186,173,2,2020-11-05,2021-05-30,150,129,129,1,2021-01-18,2021-05-26,146
MAL079,2020,366,1,366,130,130,1,2019-12-28,2020-05-05,126,8,190,308,0,0,0,NA,NA,0,0,0,0,NA,NA,0
MAL079,2021,353,1,354,101,67,4,2020-11-05,2021-05-09,129,6,166,276,9,9,1,2021-03-28,2021-04-05,95,0,0,0,NA,NA,0
MAL080,2020,366,1,366,226,226,1,2019-10-19,2020-05-31,152,2,118,120,205,196,2,2019-10-29,2020-05-31,152,151,151,1,2019-12-30,2020-05-28,149
MAL080,2021,353,1,354,217,188,3,2020-10-17,2021-05-25,145,4,182,212,160,124,3,2020-11-05,2021-05-25,145,93,81,2,2021-02-05,2021-05-18,138
MAL081,2020,366,1,366,253,253,1,2019-09-29,2020-06-07,159,8,58,100,164,153,2,2019-12-15,2020-06-07,159,127,127,1,2020-02-01,2020-06-06,158
MAL081,2021,361,1,362,251,251,1,2020-10-13,2021-06-20,171,4,48,62,173,140,2,2020-12-29,2021-06-20,171,169,138,2,2020-12-31,2021-06-18,169
MAL082,2020,366,1,366,268,268,1,2019-09-30,2020-06-23,175,4,76,136,247,247,1,2019-10-21,2020-06-23,175,242,242,1,2019-10-25,2020-06-22,174
MAL082,2021,361,1,362,253,253,1,2020-10-12,2021-06-21,172,2,42,52,244,244,1,2020-10-21,2021-06-21,172,182,141,3,2020-11-04,2021-06-19,170
MAL083,2020,366,1,366,251,251,1,2019-09-29,2020-06-05,157,10,58,82,219,183,3,2019-10-25,2020-06-05,157,142,109,3,2020-01-07,2020-06-02,154
MAL083,2021,361,1,362,238,238,1,2020-10-13,2021-06-07,158,12,54,52,226,226,1,2020-10-25,2021-06-07,158,199,199,1,2020-11-20,2021-06-06,157
MAL084,2020,366,1,366,261,261,1,2019-10-08,2020-06-24,176,4,64,82,246,246,1,2019-10-23,2020-06-24,176,206,206,1,2019-12-01,2020-06-23,175
MAL084,2021,353,1,354,252,252,1,2020-10-13,2021-06-21,172,4,20,78,242,242,1,2020-10-23,2021-06-21,172,228,228,1,2020-11-04,2021-06-19,170
MAL085,2020,366,1,366,241,241,1,2019-10-08,2020-06-04,156,4,90,142,205,176,3,2019-10-27,2020-06-04,156,152,152,1,2020-01-03,2020-06-02,154
MAL085,2021,353,1,354,229,229,1,2020-10-15,2021-05-31,151,14,58,104,221,221,1,2020-10-23,2021-05-31,151,133,76,3,2020-12-09,2021-05-27,147
MAL086,2020,366,1,366,242,242,1,2019-10-11,2020-06-08,160,56,66,114,227,209,2,2019-10-23,2020-06-08,160,178,178,1,2019-12-13,2020-06-07,159
MAL086,2021,353,1,354,230,230,1,2020-10-17,2021-06-03,154,8,62,68,215,215,1,2020-11-01,2021-06-03,154,158,136,3,2020-11-05,2021-06-02,153
MAL087,2020,366,1,366,241,241,1,2019-10-10,2020-06-06,158,8,80,130,213,202,2,2019-10-27,2020-06-06,158,158,158,1,2019-12-30,2020-06-04,156
MAL087,2021,353,1,354,229,229,1,2020-10-17,2021-06-02,153,14,48,84,221,210,2,2020-10-23,2021-06-02,153,173,134,4,2020-11-05,2021-06-01,152
MAL088,2020,366,1,366,231,231,1,2019-10-21,2020-06-07,159,6,88,160,203,203,1,2019-11-18,2020-06-07,159,174,160,2,2019-12-13,2020-06-06,158
MAL088,2021,353,1,354,229,229,1,2020-10-17,2021-06-02,153,16,72,142,209,195,2,2020-11-05,2021-06-02,153,163,142,3,2020-11-06,2021-06-01,152
MAL089,2020,366,1,366,211,211,1,2019-10-08,2020-05-05,126,16,126,248,120,85,3,2019-12-13,2020-04-28,119,65,39,2,2019-12-30,2020-03-06,66
MAL089,2021,353,1,354,211,194,2,2020-10-17,2021-05-16,136,24,126,242,95,83,2,2020-11-05,2021-05-16,136,58,46,2,2021-02-25,2021-04-27,117
MAL090,2020,366,1,366,238,238,1,2019-10-08,2020-06-01,153,6,72,100,195,184,2,2019-10-27,2020-06-01,153,163,154,2,2019-12-20,2020-05-31,152
MAL090,2021,353,1,354,226,226,1,2020-10-17,2021-05-30,150,2,62,118,186,173,2,2020-11-05,2021-05-30,150,131,90,2,2021-01-18,2021-05-29,149
MAL091,2020,366,1,366,248,248,1,2019-09-29,2020-06-02,154,6,48,138,71,62,2,2020-03-23,2020-06-02,154,39,28,2,2020-04-08,2020-05-19,140
MAL091,2021,361,1,362,235,235,1,2020-10-13,2021-06-04,155,4,42,100,96,73,2,2020-12-16,2021-06-04,155,64,30,3,2021-03-24,2021-06-01,152
MAL092,2020,364,1,365,261,261,1,2019-09-29,2020-06-15,167,10,60,96,198,198,1,2019-12-01,2020-06-15,167,189,189,1,2019-12-09,2020-06-14,166
MAL094,2020,366,1,366,237,237,1,2019-10-08,2020-05-31,152,2,88,106,185,171,2,2019-11-14,2020-05-31,152,138,106,3,2020-01-04,2020-05-29,150
MAL094,2021,353,1,354,232,232,1,2020-10-15,2021-06-03,154,6,62,82,222,222,1,2020-10-25,2021-06-03,154,193,193,1,2020-11-22,2021-06-02,153
MAL095,2020,366,1,366,241,241,1,2019-10-08,2020-06-04,156,6,90,146,226,226,1,2019-10-23,2020-06-04,156,175,175,1,2019-12-13,2020-06-04,156
MAL095,2021,353,1,354,229,229,1,2020-10-15,2021-05-31,151,10,64,116,223,223,1,2020-10-21,2021-05-31,151,130,93,5,2020-12-14,2021-05-29,149
MAL097,2020,366,1,366,226,226,1,2019-10-21,2020-06-02,154,6,104,152,190,174,2,2019-11-18,2020-06-02,154,155,155,1,2019-12-30,2020-06-01,153
MAL097,2021,353,1,354,238,238,1,2020-10-15,2021-06-09,160,16,48,122,221,221,1,2020-11-01,2021-06-09,160,166,141,3,2020-11-05,2021-06-08,159
MAL098,2020,366,1,366,239,239,1,2019-10-11,2020-06-05,157,8,56,104,218,182,3,2019-10-23,2020-06-05,157,158,158,1,2019-12-30,2020-06-04,156
MAL098,2021,353,1,354,227,227,1,2020-10-17,2021-05-31,151,4,56,128,223,223,1,2020-10-21,2021-05-31,151,134,134,1,2021-01-18,2021-05-31,151
MAL099,2020,366,1,366,232,232,1,2019-10-21,2020-06-08,160,4,90,118,204,204,1,2019-11-18,2020-06-08,160,174,161,2,2019-12-14,2020-06-07,159
MAL099,2021,353,1,354,230,230,1,2020-10-17,2021-06-03,154,58,160,112,211,211,1,2020-11-05,2021-06-03,154,189,176,2,2020-11-06,2021-06-02,153
MAL100,2020,366,1,366,214,214,1,2019-10-21,2020-05-21,142,4,126,188,171,171,1,2019-12-03,2020-05-21,142,139,130,2,2019-12-20,2020-05-07,128
MAL100,2021,353,1,354,212,212,1,2020-10-17,2021-05-16,136,8,100,172,147,80,2,2020-12-20,2021-05-16,136,111,73,2,2021-01-18,2021-05-09,129
RA003,2021,363,1,364,227,227,1,2020-10-17,2021-05-31,151,6,74,100,219,208,2,2020-10-23,2021-05-31,151,182,162,3,2020-11-07,2021-05-30,150
RA007,2021,363,1,364,181,92,4,2020-10-20,2021-04-22,112,94,190,298,15,15,1,2021-03-24,2021-04-07,97,0,0,0,NA,NA,0
RA009,2021,363,1,364,227,227,1,2020-10-17,2021-05-31,151,48,90,196,221,221,1,2020-10-23,2021-05-31,151,165,152,2,2020-11-05,2021-05-28,148
RA010,2021,363,1,364,185,185,1,2020-10-15,2021-04-17,107,18,176,308,0,0,0,NA,NA,0,0,0,0,NA,NA,0
RA011,2021,363,1,364,198,167,3,2020-10-15,2021-05-02,122,8,130,226,21,12,2,2020-11-05,2021-04-06,96,0,0,0,NA,NA,0
RA013,2021,343,1,344,232,232,1,2020-10-12,2021-05-31,151,180,106,146,208,80,5,2020-10-24,2021-05-31,151,61,30,3,2021-02-01,2021-05-16,136
RA014,2021,343,1,344,232,232,1,2020-10-13,2021-06-01,152,22,240,74,180,66,6,2020-11-02,2021-06-01,152,59,50,2,2021-03-24,2021-05-27,147
RA015,2021,341,1,342,232,232,1,2020-10-13,2021-06-01,152,16,64,140,209,113,3,2020-11-02,2021-06-01,152,72,31,4,2020-12-16,2021-05-26,146
RA016,2021,357,1,358,192,119,5,2020-10-17,2021-05-16,136,52,174,306,80,45,4,2020-11-05,2021-05-16,136,0,0,0,NA,NA,0
RA017,2021,348,1,349,232,232,1,2020-10-15,2021-06-03,154,34,40,82,210,158,2,2020-11-04,2021-06-03,154,160,147,2,2020-11-05,2021-06-04,155
RA021,2021,348,1,349,261,261,1,2020-10-15,2021-07-02,183,532,512,100,241,241,1,2020-11-04,2021-07-02,183,239,239,1,2020-11-05,2021-07-01,182
RA022,2021,348,1,349,111,37,5,2020-10-15,2021-04-07,97,8,260,332,0,0,0,NA,NA,0,0,0,0,NA,NA,0
RA025,2021,348,1,349,230,230,1,2020-10-21,2021-06-07,158,2,58,100,219,219,1,2020-11-01,2021-06-07,158,212,212,1,2020-11-06,2021-06-05,156
RA027,2021,343,1,344,241,241,1,2020-10-13,2021-06-10,161,90,102,92,219,219,1,2020-11-04,2021-06-10,161,218,218,1,2020-11-05,2021-06-10,161
RA028,2021,348,1,349,231,231,1,2020-10-15,2021-06-02,153,24,54,136,223,223,1,2020-10-23,2021-06-02,153,207,207,1,2020-11-06,2021-05-31,151
RA029,2021,356,1,357,110,49,4,2020-10-15,2021-02-18,49,14,222,320,0,0,0,NA,NA,0,0,0,0,NA,NA,0
RA030,2021,361,1,362,262,262,1,2020-10-14,2021-07-02,183,34,62,78,260,260,1,2020-10-16,2021-07-02,183,156,156,1,2021-01-27,2021-07-01,182
RA031,2021,345,1,346,231,231,1,2020-10-15,2021-06-02,153,48,76,130,203,122,3,2020-10-15,2021-06-02,153,84,70,2,2021-02-05,2021-05-29,149
RA032,2021,345,1,346,234,234,1,2020-10-13,2021-06-03,154,4,38,102,145,79,5,2020-12-07,2021-06-03,154,78,53,3,2021-03-05,2021-06-02,153
RA033,2021,345,1,346,227,227,1,2020-10-15,2021-05-29,149,8,78,114,88,50,4,2021-01-31,2021-05-29,149,10,10,1,2021-03-28,2021-04-06,96
RA034,2021,345,1,346,150,73,5,2020-10-13,2021-05-05,125,2,152,212,0,0,0,NA,NA,0,0,0,0,NA,NA,0
RA035,2021,345,1,346,218,218,1,2020-10-13,2021-05-18,138,10,80,108,23,14,2,2020-12-02,2021-04-05,95,0,0,0,NA,NA,0
RA036,2021,347,1,348,232,232,1,2020-10-15,2021-06-03,154,16,60,120,195,133,3,2020-11-05,2021-06-03,154,108,96,2,2021-02-13,2021-06-01,152
RA037,2021,347,1,348,262,262,1,2020-10-17,2021-07-05,186,50,182,88,254,243,2,2020-10-23,2021-07-05,186,243,243,1,2020-11-05,2021-07-05,186
RA038,2021,347,1,348,239,239,1,2020-10-15,2021-06-10,161,110,70,138,228,218,2,2020-10-23,2021-06-10,161,200,142,3,2020-11-07,2021-06-09,160
RA039,2021,347,1,348,230,230,1,2020-10-15,2021-06-01,152,2,86,124,101,74,3,2021-02-04,2021-06-01,152,62,49,2,2021-03-24,2021-05-26,146
RA040,2021,347,1,348,231,231,1,2020-10-15,2021-06-02,153,46,42,186,223,223,1,2020-10-23,2021-06-02,153,131,131,1,2021-01-22,2021-06-01,152
RA041,2021,347,1,348,229,229,1,2020-10-15,2021-05-31,151,30,44,100,221,221,1,2020-10-23,2021-05-31,151,216,216,1,2020-10-31,2021-06-03,154
RA042,2021,347,1,348,204,204,1,2020-10-13,2021-05-04,124,18,134,276,9,9,1,2020-12-08,2020-12-16,351,0,0,0,NA,NA,0
RA043,2021,347,1,348,210,210,1,2020-10-15,2021-05-12,132,6,124,242,0,0,0,NA,NA,0,0,0,0,NA,NA,0
RA044,2021,348,1,349,102,28,7,2020-10-17,2021-04-06,96,38,240,428,0,0,0,NA,NA,0,0,0,0,NA,NA,0
RA045,2021,348,1,349,225,225,1,2020-10-18,2021-05-30,150,20,94,184,220,220,1,2020-10-23,2021-05-30,150,203,175,3,2020-11-05,2021-05-29,149
RA046,2021,348,1,349,211,182,3,2020-10-17,2021-05-19,139,26,176,210,95,83,2,2020-11-05,2021-05-19,139,67,57,2,2021-03-08,2021-05-16,136
RA047,2021,348,1,349,220,220,1,2020-10-17,2021-05-24,144,12,64,152,182,169,2,2020-11-05,2021-05-24,144,131,122,2,2020-12-29,2021-05-19,139
RA048,2021,348,1,349,225,225,1,2020-10-17,2021-05-29,149,34,402,148,202,189,2,2020-11-05,2021-05-29,149,151,131,3,2020-11-07,2021-05-26,146
RA049,2021,348,1,349,221,204,2,2020-10-17,2021-05-26,146,8,142,374,191,169,3,2020-10-23,2021-05-26,146,135,123,2,2020-11-05,2021-05-21,141
RA050,2021,344,1,345,227,227,1,2020-10-17,2021-05-31,151,454,46,76,220,220,1,2020-10-24,2021-05-31,151,188,158,3,2020-11-05,2021-06-04,155
RA051,2021,344,1,345,211,211,1,2020-11-05,2021-06-03,154,176,80,148,189,177,2,2020-11-05,2021-06-03,154,159,122,2,2020-12-15,2021-06-02,153
RA052,2021,344,1,345,167,52,8,2020-10-15,2021-05-08,128,6,140,352,11,11,1,2020-11-05,2020-11-15,320,0,0,0,NA,NA,0
RA053,2021,344,1,345,221,221,1,2020-10-17,2021-05-25,145,34,100,202,158,75,4,2020-11-05,2021-05-25,145,50,35,2,2021-03-24,2021-05-19,139
RA054,2021,344,1,345,224,224,1,2020-10-15,2021-05-26,146,24,94,188,155,123,3,2020-11-05,2021-05-26,146,68,58,2,2021-03-13,2021-05-20,140
RA055,2021,343,1,344,241,241,1,2020-10-13,2021-06-10,161,16,54,90,229,206,2,2020-10-24,2021-06-10,161,225,203,2,2020-10-27,2021-06-09,160
RA057,2021,343,1,344,233,233,1,2020-10-13,2021-06-02,153,6,48,76,224,224,1,2020-10-22,2021-06-02,153,188,75,5,2020-11-06,2021-06-03,154
RA058,2021,343,1,344,213,140,2,2020-10-13,2021-05-16,136,26,80,178,0,0,0,NA,NA,0,0,0,0,NA,NA,0
RA059,2021,343,1,344,219,219,1,2020-10-12,2021-05-18,138,10,138,180,19,19,1,2021-04-23,2021-05-11,131,0,0,0,NA,NA,0
RA060,2021,343,1,344,237,237,1,2020-10-15,2021-06-08,159,30,94,98,229,229,1,2020-10-23,2021-06-08,159,223,214,2,2020-10-24,2021-06-04,155
RA061,2021,326,1,326,247,247,1,2020-10-15,2021-06-18,169,34,64,68,239,239,1,2020-10-23,2021-06-18,169,237,237,1,2020-11-03,2021-06-27,178
RA062,2021,326,1,326,250,250,1,2020-10-17,2021-06-23,174,2,64,94,234,234,1,2020-11-02,2021-06-23,174,231,231,1,2020-11-07,2021-06-25,176
RA063,2021,341,1,342,237,237,1,2020-10-12,2021-06-05,156,54,62,86,209,135,3,2020-11-04,2021-06-05,156,149,98,3,2020-12-09,2021-06-04,155
RA064,2021,341,1,342,267,267,1,2020-10-12,2021-07-05,186,22,190,44,256,256,1,2020-10-23,2021-07-05,186,243,243,1,2020-11-05,2021-07-05,186
RA065,2021,341,1,342,235,235,1,2020-10-12,2021-06-03,154,6,50,132,180,77,4,2020-11-21,2021-06-03,154,89,31,4,2021-01-23,2021-06-02,153
RA066,2021,341,1,342,218,218,1,2020-10-13,2021-05-18,138,8,110,128,21,12,2,2021-02-04,2021-04-07,97,0,0,0,NA,NA,0
RA067,2021,341,1,342,129,71,4,2020-10-15,2021-04-07,97,10,188,250,0,0,0,NA,NA,0,0,0,0,NA,NA,0
RA068,2021,341,1,342,233,233,1,2020-10-15,2021-06-04,155,6,46,98,178,178,1,2020-12-09,2021-06-04,155,172,172,1,2020-12-14,2021-06-03,154
RA069,2021,348,1,349,225,209,2,2020-10-17,2021-05-31,151,20,106,196,206,192,2,2020-11-05,2021-05-31,151,130,110,3,2020-11-07,2021-05-26,146
RA070,2021,348,1,349,210,181,3,2020-10-17,2021-05-18,138,512,228,222,115,103,2,2020-11-05,2021-05-18,138,57,57,1,2021-03-21,2021-05-16,136
RA071,2021,348,1,349,221,204,2,2020-10-17,2021-05-26,146,24,52,112,210,188,3,2020-10-23,2021-05-26,146,113,103,2,2020-11-07,2021-05-18,138
RA072,2021,348,1,349,208,208,1,2020-11-05,2021-05-31,151,48,1412,194,132,120,2,2020-11-05,2021-05-31,151,106,91,2,2021-02-05,2021-05-29,149
RA073,2021,357,1,358,231,231,1,2020-10-15,2021-06-02,153,46,50,76,223,223,1,2020-10-23,2021-06-02,153,222,222,1,2020-11-02,2021-06-11,162
RA074,2021,357,1,358,167,50,7,2020-10-15,2021-04-15,105,126,184,354,0,0,0,NA,NA,0,0,0,0,NA,NA,0
RA075,2021,357,1,358,79,32,4,2020-10-20,2021-03-29,88,34,274,316,0,0,0,NA,NA,0,0,0,0,NA,NA,0
RA076,2021,357,1,358,215,215,1,2020-10-15,2021-05-17,137,12,116,184,40,21,3,2020-12-26,2021-04-06,96,0,0,0,NA,NA,0
RA077,2021,363,1,364,213,196,2,2020-10-17,2021-05-19,139,66,74,172,139,109,4,2020-11-05,2021-05-19,139,116,106,2,2020-11-07,2021-05-17,137
RA078,2021,363,1,364,40,16,3,2020-11-19,2021-02-14,45,28,338,368,0,0,0,NA,NA,0,0,0,0,NA,NA,0
RA079,2021,363,1,364,101,48,3,2020-11-19,2021-04-01,91,56,230,294,0,0,0,NA,NA,0,0,0,0,NA,NA,0
RA080,2021,332,1,332,239,239,1,2020-10-15,2021-06-10,161,5,30,88,231,231,1,2020-10-23,2021-06-10,161,230,230,1,2020-10-24,2021-06-10,161
RA081,2021,343,1,344,199,185,2,2020-10-15,2021-05-05,125,12,122,226,0,0,0,NA,NA,0,0,0,0,NA,NA,0
RA082,2021,328,1,328,243,243,1,2020-10-15,2021-06-14,165,0,50,68,243,243,1,2020-10-15,2021-06-14,165,237,237,1,2020-10-22,2021-06-15,166
RA083,2021,343,1,344,231,231,1,2020-10-15,2021-06-02,153,96,50,80,174,118,4,2020-10-15,2021-06-02,153,116,69,2,2021-02-06,2021-06-02,153
RA084,2021,343,1,344,244,244,1,2020-10-13,2021-06-13,164,6,66,104,224,224,1,2020-11-02,2021-06-13,164,217,217,1,2020-11-07,2021-06-11,162
RA085,2021,343,1,344,266,266,1,2020-10-13,2021-07-05,186,6,38,42,255,255,1,2020-10-24,2021-07-05,186,220,160,3,2020-11-23,2021-07-05,186
RA086,2021,343,1,344,258,258,1,2020-10-15,2021-06-29,180,18,68,64,246,246,1,2020-10-27,2021-06-29,180,245,245,1,2020-10-27,2021-06-28,179
RA087,2021,346,1,347,218,218,1,2020-10-15,2021-05-20,140,28,102,138,125,74,4,2020-10-23,2021-05-20,140,51,36,2,2021-03-24,2021-05-17,137
RA088,2021,346,1,347,146,51,6,2020-10-15,2021-04-06,96,44,210,358,0,0,0,NA,NA,0,0,0,0,NA,NA,0
RA089,2021,346,1,347,225,225,1,2020-10-15,2021-05-27,147,22,108,134,178,91,3,2020-11-05,2021-05-27,147,53,25,3,2020-11-05,2021-05-11,131
RA090,2021,346,1,347,256,256,1,2020-10-15,2021-06-27,178,4,42,68,238,238,1,2020-11-02,2021-06-27,178,234,234,1,2020-11-05,2021-06-26,177
RA091,2021,346,1,347,223,223,1,2020-10-15,2021-05-25,145,10,72,82,198,121,3,2020-11-05,2021-05-25,145,142,100,4,2020-11-05,2021-05-11,131
RA092,2021,346,1,347,240,240,1,2020-10-15,2021-06-11,162,32,96,86,232,232,1,2020-10-23,2021-06-11,162,218,218,1,2020-11-05,2021-06-10,161
RA093,2021,346,1,347,95,30,5,2020-10-17,2021-03-05,64,18,236,344,0,0,0,NA,NA,0,0,0,0,NA,NA,0
RA094,2021,346,1,347,181,98,3,2020-10-17,2021-04-25,115,22,120,232,40,28,2,2020-11-05,2021-04-24,114,10,10,1,2020-11-07,2020-11-16,321
RA095,2021,348,1,349,121,105,2,2020-11-04,2021-04-07,97,16,214,240,0,0,0,NA,NA,0,0,0,0,NA,NA,0
RA096,2021,348,1,349,223,223,1,2020-10-15,2021-05-25,145,92,66,98,147,81,3,2020-11-04,2021-05-20,140,69,48,3,2021-02-06,2021-05-19,139
RA101,2021,348,1,349,119,37,5,2020-10-15,2021-04-07,97,78,124,152,0,0,0,NA,NA,0,0,0,0,NA,NA,0
SAA019,2019,365,1,365,43,16,3,2019-01-13,2019-04-11,101,20,333,578,0,0,0,NA,NA,0,0,0,0,NA,NA,0
SAA019,2020,366,1,366,161,114,5,2019-11-18,2020-05-16,137,8,198,324,0,0,0,NA,NA,0,0,0,0,NA,NA,0
SAA019,2021,327,1,328,162,50,6,2020-10-18,2021-05-08,128,8,166,328,9,9,1,2021-03-28,2021-04-05,95,0,0,0,NA,NA,0
SAA103,2019,365,1,365,185,176,2,2018-11-07,2019-05-15,135,56,273,443,154,80,3,2018-11-24,2019-05-15,135,88,38,4,2019-01-20,2019-05-04,124
SAA103,2020,366,1,366,231,231,1,2019-10-21,2020-06-07,159,110,168,186,189,189,1,2019-12-02,2020-06-07,159,160,160,1,2019-12-30,2020-06-06,158
SAA103,2021,327,1,328,227,211,2,2020-10-17,2021-06-01,152,24,94,176,203,131,3,2020-11-05,2021-06-01,152,110,87,2,2021-02-05,2021-05-31,151
SAA1043,2019,365,1,365,235,191,4,2018-09-26,2019-05-29,149,18,272,330,163,121,3,2018-11-27,2019-05-29,149,111,83,3,2019-01-06,2019-05-23,143
SAA1043,2020,366,1,366,252,252,1,2019-09-29,2020-06-06,158,8,84,92,218,207,2,2019-10-29,2020-06-06,158,178,178,1,2019-12-12,2020-06-06,158
SAA1043,2021,325,1,326,232,232,1,2020-10-15,2021-06-03,154,348,288,126,176,124,3,2020-10-23,2021-06-03,154,112,97,2,2021-02-05,2021-06-02,153
SAA1057,2019,365,1,365,234,208,3,2018-09-26,2019-06-12,163,76,167,272,156,156,1,2019-01-08,2019-06-12,163,128,128,1,2019-02-03,2019-06-10,161
SAA1057,2020,366,1,366,267,267,1,2019-09-30,2020-06-22,174,380,86,130,209,194,2,2019-11-19,2020-06-22,174,193,193,1,2019-12-13,2020-06-22,174
SAA1057,2021,326,1,327,250,250,1,2020-10-15,2021-06-21,172,10,58,114,197,197,1,2020-12-07,2021-06-21,172,184,184,1,2020-12-20,2021-06-21,172
SAA1069,2019,365,1,365,207,197,2,2018-10-03,2019-05-22,142,14,144,371,121,121,1,2019-01-22,2019-05-22,142,86,75,2,2019-02-13,2019-05-15,135
SAA1069,2020,366,1,366,245,245,1,2019-10-08,2020-06-08,160,10,116,180,180,180,1,2019-12-12,2020-06-08,160,177,177,1,2019-12-13,2020-06-06,158
SAA1069,2021,328,1,329,239,239,1,2020-10-15,2021-06-10,161,2,92,134,184,184,1,2020-12-09,2021-06-10,161,161,161,1,2020-12-31,2021-06-09,160
SAA1105,2019,365,1,365,224,202,3,2018-09-29,2019-06-07,158,12,198,284,179,179,1,2018-12-11,2019-06-07,158,154,154,1,2019-01-03,2019-06-05,156
SAA1105,2020,366,1,366,241,241,1,2019-10-21,2020-06-17,169,210,90,114,236,236,1,2019-10-26,2020-06-17,169,234,234,1,2019-10-26,2020-06-15,167
SAA1105,2021,328,1,329,240,240,1,2020-10-15,2021-06-11,162,62,104,88,231,231,1,2020-10-24,2021-06-11,162,220,187,2,2020-11-02,2021-06-10,161
SAA1117,2019,365,1,365,213,194,2,2018-09-25,2019-05-19,139,20,163,332,138,77,3,2018-12-19,2019-05-19,139,97,47,4,2019-01-24,2019-05-10,130
SAA1117,2020,366,1,366,223,223,1,2019-10-27,2020-06-05,157,6,126,146,166,166,1,2019-12-23,2020-06-05,157,156,129,2,2019-12-30,2020-06-03,155
SAA1117,2021,328,1,329,229,229,1,2020-10-17,2021-06-02,153,10,70,108,206,97,3,2020-11-02,2021-06-02,153,94,94,1,2021-02-26,2021-05-30,150
SAA11204,2019,365,1,365,250,232,2,2018-09-24,2019-06-05,156,54,124,188,187,85,4,2018-11-24,2019-06-05,156,93,51,2,2019-03-03,2019-06-04,155
SAA11204,2020,366,1,366,263,263,1,2019-09-29,2020-06-17,169,4,54,68,193,169,2,2019-12-07,2020-06-17,169,161,161,1,2020-01-07,2020-06-15,167
SAA11204,2021,325,1,326,250,250,1,2020-10-13,2021-06-19,170,38,48,90,227,227,1,2020-11-05,2021-06-19,170,224,224,1,2020-11-07,2021-06-18,169
SAA11208,2019,365,1,365,142,24,9,2018-09-24,2019-04-16,106,32,282,398,0,0,0,NA,NA,0,0,0,0,NA,NA,0
SAA11208,2020,366,1,366,237,178,2,2019-09-29,2020-05-24,145,4,106,118,0,0,0,NA,NA,0,0,0,0,NA,NA,0
SAA11208,2021,325,1,326,212,212,1,2020-10-13,2021-05-12,132,2,136,222,0,0,0,NA,NA,0,0,0,0,NA,NA,0
SAA11214,2019,365,1,365,205,176,3,2018-09-25,2019-05-10,130,40,164,268,41,16,3,2019-01-28,2019-04-12,102,10,10,1,2019-03-30,2019-04-08,98
SAA11214,2020,366,1,366,246,246,1,2019-09-29,2020-05-31,152,4,116,142,184,184,1,2019-11-30,2020-05-31,152,152,44,6,2019-12-13,2020-05-30,151
SAA11214,2021,328,1,329,230,230,1,2020-10-13,2021-05-30,150,8,72,116,165,115,5,2020-11-07,2021-05-30,150,47,16,3,2021-02-05,2021-05-09,129
SAA11216,2019,365,1,365,183,165,2,2018-09-25,2019-04-20,110,18,232,384,0,0,0,NA,NA,0,0,0,0,NA,NA,0
SAA11216,2020,366,1,366,239,239,1,2019-09-29,2020-05-24,145,14,104,204,19,10,2,2020-03-29,2020-04-17,108,0,0,0,NA,NA,0
SAA11216,2021,328,1,329,214,214,1,2020-10-15,2021-05-16,136,10,110,186,10,10,1,2021-03-28,2021-04-06,96,0,0,0,NA,NA,0
SAA11219,2019,365,1,365,223,197,3,2018-09-25,2019-06-04,155,102,148,308,148,98,2,2019-01-04,2019-06-04,155,133,87,2,2019-01-08,2019-05-30,150
SAA11219,2020,366,1,366,255,255,1,2019-10-07,2020-06-17,169,102,70,100,194,194,1,2019-12-07,2020-06-17,169,188,188,1,2019-12-13,2020-06-17,169
SAA11219,2021,326,1,327,244,244,1,2020-10-15,2021-06-15,166,6,52,82,226,226,1,2020-11-02,2021-06-15,166,219,204,2,2020-11-05,2021-06-13,164
SAA11225,2019,365,1,365,210,196,2,2018-09-29,2019-05-21,141,8,182,350,174,157,2,2018-11-28,2019-05-21,141,122,113,2,2019-01-08,2019-05-10,130
SAA11225,2020,366,1,366,250,250,1,2019-10-08,2020-06-13,165,36,118,106,203,190,2,2019-11-14,2020-06-13,165,182,182,1,2019-12-13,2020-06-11,163
SAA11225,2021,328,1,329,247,247,1,2020-10-15,2021-06-18,169,16,82,86,239,239,1,2020-10-23,2021-06-18,169,195,195,1,2020-12-03,2021-06-15,166
SAA11226,2019,365,1,365,243,225,2,2018-09-26,2019-06-01,152,280,110,248,210,192,2,2018-11-01,2019-06-01,152,140,90,2,2019-01-06,2019-05-29,149
SAA11226,2020,366,1,366,252,252,1,2019-09-30,2020-06-07,159,158,66,142,223,223,1,2019-10-29,2020-06-07,159,177,177,1,2019-12-13,2020-06-06,158
SAA11226,2021,328,1,329,237,237,1,2020-10-15,2021-06-08,159,20,52,98,237,237,1,2020-10-15,2021-06-08,159,140,128,2,2020-11-06,2021-06-07,158
SAA11227,2019,365,1,365,225,215,2,2018-10-04,2019-05-23,143,96,126,247,204,204,1,2018-11-01,2019-05-23,143,114,80,2,2019-01-18,2019-05-19,139
SAA11227,2020,366,1,366,251,251,1,2019-09-30,2020-06-06,158,170,172,126,229,229,1,2019-10-22,2020-06-06,158,158,158,1,2019-12-30,2020-06-04,156
SAA11227,2021,328,1,329,231,231,1,2020-10-15,2021-06-02,153,40,92,98,218,131,3,2020-10-23,2021-06-02,153,86,86,1,2021-03-06,2021-05-30,150
SAA11228,2019,365,1,365,245,227,2,2018-09-26,2019-06-05,156,12,86,204,188,169,2,2018-11-01,2019-06-05,156,155,155,1,2018-12-27,2019-05-30,150
SAA11228,2020,366,1,366,257,257,1,2019-09-30,2020-06-12,164,46,50,142,235,235,1,2019-10-22,2020-06-12,164,195,195,1,2019-12-01,2020-06-12,164
SAA11228,2021,328,1,329,237,237,1,2020-10-15,2021-06-08,159,42,46,88,229,229,1,2020-10-23,2021-06-08,159,156,133,3,2020-11-05,2021-06-08,159
SAA11229,2019,365,1,365,219,193,3,2018-09-26,2019-05-18,138,206,218,360,129,78,2,2019-01-04,2019-05-18,138,72,51,3,2019-01-28,2019-05-17,137
SAA11229,2020,366,1,366,251,251,1,2019-09-30,2020-06-06,158,120,82,146,187,178,2,2019-11-25,2020-06-06,158,144,128,2,2020-01-10,2020-06-05,157
SAA11229,2021,328,1,329,229,229,1,2020-10-15,2021-05-31,151,16,60,114,221,221,1,2020-10-23,2021-05-31,151,94,94,1,2021-02-26,2021-05-30,150
SAA1123,2019,365,1,365,231,195,4,2018-09-26,2019-06-02,153,30,216,252,131,67,4,2019-01-17,2019-06-02,153,101,63,2,2019-02-16,2019-05-28,148
SAA1123,2020,366,1,366,247,247,1,2019-09-29,2020-06-01,153,6,206,124,215,177,2,2019-10-23,2020-06-01,153,161,58,5,2019-10-28,2020-05-22,143
SAA1123,2021,325,1,326,229,229,1,2020-10-15,2021-05-31,151,2,122,104,136,39,6,2020-12-11,2021-05-31,151,56,19,3,2021-02-02,2021-05-11,131
SAA11230,2019,365,1,365,230,213,2,2018-09-26,2019-05-22,142,14,130,324,161,149,2,2018-11-24,2019-05-21,141,126,79,3,2019-01-08,2019-05-20,140
SAA11230,2020,366,1,366,247,208,2,2019-09-30,2020-06-06,158,44,94,202,178,178,1,2019-12-12,2020-06-06,158,152,152,1,2020-01-07,2020-06-06,158
SAA11230,2021,328,1,329,234,234,1,2020-10-15,2021-06-05,156,32,78,128,228,228,1,2020-10-21,2021-06-05,156,119,119,1,2021-02-02,2021-05-31,151
SAA11231,2019,365,1,365,229,209,3,2018-10-03,2019-06-03,154,112,562,296,192,192,1,2018-11-24,2019-06-03,154,151,92,2,2018-12-28,2019-06-01,152
SAA11231,2020,366,1,366,258,258,1,2019-09-30,2020-06-13,165,0,64,124,232,232,1,2019-10-26,2020-06-13,165,184,184,1,2019-12-13,2020-06-13,165
SAA11231,2021,328,1,329,238,238,1,2020-10-15,2021-06-09,160,36,48,92,230,230,1,2020-10-23,2021-06-09,160,181,142,4,2020-11-05,2021-06-09,160
SAA11232,2019,365,1,365,244,226,2,2018-09-26,2019-06-04,155,54,832,250,202,152,4,2018-11-01,2019-06-04,155,145,145,1,2019-01-06,2019-05-30,150
SAA11232,2020,366,1,366,261,261,1,2019-09-30,2020-06-16,168,0,216,156,238,238,1,2019-10-23,2020-06-16,168,215,215,1,2019-11-13,2020-06-14,166
SAA11232,2021,328,1,329,239,239,1,2020-10-15,2021-06-10,161,12,202,204,239,239,1,2020-10-15,2021-06-10,161,180,141,4,2020-11-05,2021-06-08,159
SAA11233,2019,365,1,365,245,227,2,2018-09-26,2019-06-04,155,22,96,259,220,220,1,2018-10-28,2019-06-04,155,148,148,1,2019-01-04,2019-05-31,151
SAA11233,2020,366,1,366,259,259,1,2019-09-30,2020-06-14,166,52,50,144,236,236,1,2019-10-23,2020-06-14,166,214,214,1,2019-11-14,2020-06-14,166
SAA11233,2021,328,1,329,238,238,1,2020-10-15,2021-06-09,160,72,36,98,232,232,1,2020-10-21,2021-06-09,160,147,129,3,2020-12-09,2021-06-09,160
SAA1195,2019,365,1,365,238,220,2,2018-09-26,2019-05-29,149,28,86,162,215,189,3,2018-09-27,2019-05-29,149,172,163,2,2018-11-27,2019-06-05,156
SAA1195,2020,351,1,365,253,253,1,2019-09-30,2020-06-08,160,10,56,130,230,230,1,2019-10-23,2020-06-08,160,218,206,2,2019-10-28,2020-06-07,159
SAA151,2019,365,1,365,198,189,2,2018-11-07,2019-06-04,155,16,248,404,168,168,1,2018-12-19,2019-06-04,155,143,143,1,2019-01-11,2019-06-02,153
SAA151,2020,366,1,366,231,220,2,2019-10-27,2020-06-18,170,6,96,118,195,195,1,2019-12-07,2020-06-18,170,187,187,1,2019-12-14,2020-06-17,169
SAA151,2021,343,1,344,237,237,1,2020-10-17,2021-06-10,161,8,68,100,230,230,1,2020-10-24,2021-06-10,161,190,190,1,2020-12-03,2021-06-10,161
SAA235,2019,365,1,365,179,164,2,2018-11-21,2019-05-31,151,6,250,1286,144,134,2,2019-01-07,2019-05-31,151,122,122,1,2019-01-27,2019-05-28,148
SAA235,2020,366,1,366,229,219,2,2019-10-29,2020-06-17,169,14,92,318,188,188,1,2019-12-13,2020-06-17,169,185,185,1,2019-12-14,2020-06-15,167
SAA235,2021,327,1,328,238,238,1,2020-10-15,2021-06-09,160,2,64,550,197,188,2,2020-10-31,2021-06-09,160,167,167,1,2020-12-24,2021-06-08,159
SAA247,2019,365,1,365,213,176,4,2018-09-25,2019-05-14,134,12,190,256,60,30,4,2019-01-05,2019-04-30,120,17,17,1,2019-03-28,2019-04-13,103
SAA247,2020,366,1,366,241,241,1,2019-10-07,2020-06-03,155,10,88,122,164,155,2,2019-12-12,2020-06-03,155,151,151,1,2020-01-03,2020-06-01,153
SAA247,2021,326,1,327,229,229,1,2020-10-15,2021-05-31,151,6,68,128,168,108,3,2020-11-05,2021-05-31,151,74,74,1,2021-03-14,2021-05-26,146
SAA259,2019,365,1,365,184,175,2,2018-11-07,2019-05-16,136,14,273,381,113,75,3,2019-01-05,2019-05-16,136,37,37,1,2019-03-29,2019-05-04,124
SAA259,2020,366,1,366,224,224,1,2019-10-22,2020-06-01,153,4,136,200,172,172,1,2019-12-13,2020-06-01,153,149,120,2,2019-12-30,2020-05-27,148
SAA259,2021,327,1,328,230,230,1,2020-10-15,2021-06-01,152,14,78,124,218,131,3,2020-10-23,2021-06-01,152,131,92,3,2020-11-05,2021-05-29,149
SAA343,2019,365,1,365,188,179,2,2018-11-07,2019-05-15,135,90,229,389,137,75,2,2018-12-23,2019-05-15,135,107,72,4,2019-01-06,2019-05-13,133
SAA343,2020,366,1,366,226,226,1,2019-10-21,2020-06-02,154,2,136,158,215,215,1,2019-11-01,2020-06-02,154,175,175,1,2019-12-09,2020-05-31,152
SAA343,2021,327,1,328,230,230,1,2020-10-15,2021-06-01,152,6,94,152,209,192,2,2020-10-31,2021-06-01,152,120,88,2,2021-01-28,2021-05-31,151
SAA367,2019,365,1,365,224,198,3,2018-09-25,2019-06-05,156,2,178,334,150,101,2,2019-01-06,2019-06-05,156,131,100,3,2019-01-20,2019-06-04,155
SAA367,2020,366,1,366,248,248,1,2019-10-08,2020-06-11,163,22,50,90,230,230,1,2019-10-26,2020-06-11,163,229,229,1,2019-10-26,2020-06-10,162
SAA367,2021,326,1,327,237,237,1,2020-10-15,2021-06-08,159,40,64,138,194,178,2,2020-11-02,2021-06-08,159,159,159,1,2020-12-31,2021-06-07,158
SAA422,2019,365,1,365,191,182,2,2018-11-07,2019-05-18,138,20,181,401,121,76,5,2019-01-06,2019-05-18,138,74,56,2,2019-03-04,2019-05-17,137
SAA422,2020,366,1,366,231,231,1,2019-10-21,2020-06-07,159,8,90,148,178,178,1,2019-12-13,2020-06-07,159,160,160,1,2019-12-30,2020-06-06,158
SAA422,2021,327,1,328,230,230,1,2020-10-15,2021-06-01,152,22,70,156,124,95,3,2020-11-05,2021-06-01,152,94,84,2,2021-02-06,2021-05-31,151
SAA475,2019,365,1,365,209,209,1,2018-10-22,2019-05-18,138,96,172,340,161,135,3,2018-11-24,2019-05-18,138,62,44,2,2019-01-22,2019-05-04,124
SAA475,2020,366,1,366,244,244,1,2019-10-08,2020-06-07,159,456,74,192,179,179,1,2019-12-12,2020-06-07,159,151,151,1,2020-01-07,2020-06-05,157
SAA475,2021,327,1,328,228,228,1,2020-10-18,2021-06-02,153,200,124,126,221,211,2,2020-10-23,2021-06-02,153,87,87,1,2021-03-06,2021-05-31,151
SAA511,2019,365,1,365,179,154,3,2018-11-07,2019-05-18,138,20,228,476,134,78,2,2018-12-29,2019-05-18,138,83,47,4,2019-01-07,2019-05-02,122
SAA511,2020,366,1,366,215,206,2,2019-10-29,2020-06-04,156,4,130,182,180,180,1,2019-12-08,2020-06-04,156,172,172,1,2019-12-13,2020-06-01,153
SAA511,2021,327,1,328,227,227,1,2020-10-17,2021-05-31,151,2,78,130,166,115,3,2020-10-24,2021-05-31,151,95,66,3,2021-02-06,2021-05-25,145
SAA529,2019,365,1,365,217,191,3,2018-09-26,2019-05-29,149,376,152,276,178,165,2,2018-11-24,2019-05-29,149,132,98,2,2019-01-06,2019-05-21,141
SAA529,2020,366,1,366,251,251,1,2019-10-08,2020-06-14,166,22,78,88,191,191,1,2019-12-07,2020-06-14,166,183,183,1,2019-12-13,2020-06-12,164
SAA529,2021,326,1,327,243,243,1,2020-10-15,2021-06-14,165,6,82,72,235,235,1,2020-10-23,2021-06-14,165,177,164,2,2020-11-05,2021-06-12,163
SAA547,2019,365,1,365,190,181,2,2018-11-07,2019-05-17,137,10,234,439,144,83,2,2018-12-24,2019-05-17,137,130,130,1,2019-01-08,2019-05-17,137
SAA547,2020,366,1,366,233,233,1,2019-10-19,2020-06-07,159,14,126,174,227,227,1,2019-10-25,2020-06-07,159,188,177,2,2019-10-28,2020-06-06,158
SAA547,2021,327,1,328,229,229,1,2020-10-15,2021-05-31,151,4,74,130,222,156,3,2020-10-17,2021-05-31,151,120,89,2,2021-01-28,2021-05-28,148
SAA553,2019,365,1,365,194,185,2,2018-11-07,2019-05-21,141,4,241,385,136,136,1,2019-01-06,2019-05-21,141,91,73,3,2019-01-28,2019-05-15,135
SAA553,2020,366,1,366,221,208,2,2019-10-27,2020-06-06,158,14,132,180,174,160,2,2019-12-12,2020-06-06,158,155,155,1,2020-01-02,2020-06-04,156
SAA553,2021,327,1,328,228,228,1,2020-10-17,2021-06-01,152,16,104,158,182,129,4,2020-11-05,2021-06-01,152,120,120,1,2021-01-27,2021-05-26,146
SAA583,2019,365,1,365,198,189,2,2018-11-07,2019-05-25,145,48,215,331,135,103,3,2019-01-06,2019-05-25,145,92,83,2,2019-02-15,2019-05-18,138
SAA583,2020,366,1,366,232,232,1,2019-10-21,2020-06-08,160,8,134,148,175,162,2,2019-12-13,2020-06-08,160,152,152,1,2020-01-07,2020-06-06,158
SAA583,2021,327,1,328,227,155,2,2020-10-15,2021-05-31,151,8,102,184,129,92,3,2020-11-05,2021-05-31,151,96,80,2,2021-02-05,2021-05-27,147
SAA607,2019,365,1,365,195,160,3,2018-09-25,2019-05-24,144,6,198,384,132,50,3,2019-01-06,2019-05-24,144,50,26,2,2019-03-28,2019-05-17,137
SAA607,2020,366,1,366,243,243,1,2019-10-08,2020-06-06,158,8,80,102,182,182,1,2019-12-08,2020-06-06,158,173,160,2,2019-12-13,2020-06-06,158
SAA607,2021,326,1,327,237,237,1,2020-10-15,2021-06-08,159,14,66,134,216,216,1,2020-11-05,2021-06-08,159,141,99,3,2020-11-07,2021-06-05,156
SAA667,2019,365,1,365,127,89,3,2018-11-21,2019-04-13,103,32,286,632,0,0,0,NA,NA,0,0,0,0,NA,NA,0
SAA667,2020,366,1,366,202,148,4,2019-10-26,2020-05-24,145,4,134,188,0,0,0,NA,NA,0,0,0,0,NA,NA,0
SAA667,2021,327,1,328,211,180,3,2020-10-15,2021-05-16,136,152,122,268,0,0,0,NA,NA,0,0,0,0,NA,NA,0
SAA679,2019,365,1,365,224,207,2,2018-09-26,2019-06-01,152,2,152,316,190,190,1,2018-11-24,2019-06-01,152,143,87,2,2019-01-05,2019-05-28,148
SAA679,2020,366,1,366,255,245,2,2019-10-08,2020-06-19,171,4,86,132,218,208,2,2019-10-29,2020-06-19,171,194,194,1,2019-12-08,2020-06-18,170
SAA679,2021,328,1,329,240,240,1,2020-10-15,2021-06-11,162,38,76,108,222,222,1,2020-11-02,2021-06-11,162,219,219,1,2020-11-05,2021-06-11,162
SAA685,2019,365,1,365,207,156,4,2018-09-25,2019-05-20,140,24,172,328,126,97,2,2019-01-13,2019-05-20,140,89,47,4,2019-01-28,2019-05-12,132
SAA685,2020,366,1,366,240,240,1,2019-10-11,2020-06-06,158,14,72,88,178,178,1,2019-12-12,2020-06-06,158,150,150,1,2020-01-07,2020-06-04,156
SAA685,2021,326,1,327,233,233,1,2020-10-15,2021-06-04,155,4,52,70,183,158,2,2020-10-24,2021-06-04,155,127,118,2,2021-01-23,2021-06-02,153
SAA697,2021,326,1,327,233,233,1,2020-10-15,2021-06-04,155,18,82,210,225,225,1,2020-10-23,2021-06-04,155,117,85,3,2020-11-05,2021-05-29,149
SAA747,2019,365,1,365,213,204,2,2018-10-04,2019-05-13,133,30,204,348,89,23,5,2018-10-31,2019-05-13,133,16,16,1,2019-03-29,2019-04-13,103
SAA747,2020,366,1,366,236,236,1,2019-10-08,2020-05-30,151,62,148,396,201,171,2,2019-10-29,2020-05-30,151,142,142,1,2020-01-07,2020-05-27,148
SAA747,2021,327,1,328,224,224,1,2020-10-15,2021-05-26,146,42,156,220,153,89,2,2020-10-15,2021-05-26,146,49,25,2,2021-03-24,2021-05-19,139
SAA751,2019,365,1,365,215,193,3,2018-09-26,2019-05-29,149,8,167,337,146,146,1,2019-01-04,2019-05-29,149,109,85,3,2019-01-28,2019-05-27,147
SAA751,2020,366,1,366,253,253,1,2019-09-30,2020-06-08,160,2,76,162,230,230,1,2019-10-23,2020-06-08,160,213,187,3,2019-10-28,2020-06-06,158
SAA751,2021,310,1,311,232,232,1,2020-10-15,2021-06-03,154,4,54,126,209,177,2,2020-10-17,2021-06-03,154,133,133,1,2021-01-22,2021-06-03,154
SAA757,2019,365,1,365,48,13,4,2018-09-26,2019-02-07,38,38,314,618,0,0,0,NA,NA,0,0,0,0,NA,NA,0
SAA757,2020,366,1,366,144,103,4,2019-10-24,2020-04-18,109,6,220,408,0,0,0,NA,NA,0,0,0,0,NA,NA,0
SAA757,2021,328,1,329,148,38,6,2020-10-15,2021-04-07,97,28,172,396,0,0,0,NA,NA,0,0,0,0,NA,NA,0
SAA799,2019,365,1,365,208,208,1,2018-11-07,2019-06-02,153,48,172,508,148,148,1,2019-01-06,2019-06-02,153,107,89,3,2019-01-28,2019-05-30,150
SAA799,2020,366,1,366,244,244,1,2019-10-08,2020-06-07,159,4,76,290,222,207,2,2019-10-26,2020-06-07,159,199,189,2,2019-10-29,2020-06-07,159
SAA799,2021,328,1,329,239,239,1,2020-10-15,2021-06-10,161,2,68,134,218,218,1,2020-11-05,2021-06-10,161,160,149,2,2020-11-07,2021-06-09,160
SAA805,2019,365,1,365,185,150,4,2018-09-25,2019-06-05,156,18,156,310,113,101,2,2019-02-12,2019-06-05,156,99,49,3,2019-02-15,2019-06-03,154
SAA805,2020,366,1,366,249,249,1,2019-10-11,2020-06-15,167,10,84,110,178,161,2,2019-12-12,2020-06-15,167,158,158,1,2020-01-09,2020-06-14,166
SAA805,2021,325,1,326,240,240,1,2020-10-15,2021-06-11,162,8,76,110,161,138,2,2020-12-30,2021-06-11,162,127,127,1,2021-02-05,2021-06-11,162
SAA895,2019,365,1,365,178,178,1,2018-11-23,2019-05-19,139,234,208,314,79,79,1,2019-03-02,2019-05-19,139,59,50,2,2019-03-06,2019-05-10,130
SAA895,2020,366,1,366,224,224,1,2019-10-27,2020-06-06,158,20,110,152,177,177,1,2019-12-13,2020-06-06,158,158,158,1,2019-12-30,2020-06-04,156
SAA895,2021,363,1,364,218,206,2,2020-10-21,2021-05-28,148,150,104,162,125,92,3,2020-11-07,2021-05-28,148,68,58,2,2021-02-05,2021-05-20,140
SAA907,2019,365,1,365,211,185,3,2018-09-26,2019-05-21,141,6,202,414,157,146,2,2018-11-24,2019-05-20,140,99,56,4,2019-01-20,2019-05-15,135
SAA907,2020,366,1,366,243,233,2,2019-10-08,2020-06-07,159,2,112,184,178,161,2,2019-12-09,2020-06-07,159,160,160,1,2019-12-30,2020-06-06,158
SAA907,2021,328,1,329,231,231,1,2020-10-17,2021-06-04,155,16,100,156,189,95,3,2020-11-05,2021-06-04,155,99,86,2,2020-11-06,2021-06-02,153
SAA949,2019,365,1,365,204,179,3,2018-09-26,2019-05-15,135,4,236,372,103,47,5,2019-01-07,2019-05-15,135,17,17,1,2019-03-28,2019-04-13,103
SAA949,2020,366,1,366,213,203,2,2019-10-29,2020-06-01,153,16,130,166,165,156,2,2019-12-17,2020-06-01,153,95,70,3,2020-01-12,2020-05-20,141
SAA949,2021,328,1,329,222,222,1,2020-10-21,2021-05-30,150,2,102,144,115,92,3,2020-11-05,2021-05-30,150,49,49,1,2021-03-24,2021-05-11,131
SAA961,2019,365,1,365,231,183,4,2018-09-25,2019-05-21,141,34,178,268,125,79,3,2019-01-07,2019-05-21,141,35,23,2,2019-03-28,2019-05-03,123
SAA961,2020,366,1,366,252,252,1,2019-09-29,2020-06-06,158,6,78,104,178,178,1,2019-12-12,2020-06-06,158,151,151,1,2020-01-07,2020-06-05,157
SAA961,2021,325,1,326,235,235,1,2020-10-15,2021-06-06,157,16,66,106,210,180,2,2020-11-05,2021-06-06,157,99,99,1,2021-02-26,2021-06-04,155
